city,date,avg_temp,max_temp,min_temp,total_precip,avg_wind
Moscow,2025-01-01,-2.1083333333333334,2.1,-6.8,4.0,14.329166666666666
Moscow,2025-01-02,2.0166666666666666,3.1,1.0,3.1,20.195833333333333
Moscow,2025-01-03,-4.875,1.4,-8.9,2.3000000000000003,9.5375
Moscow,2025-01-04,-4.745833333333334,-3.6,-7.6,0.9,7.658333333333334
Moscow,2025-01-05,-5.1499999999999995,-4.0,-7.1,0.4,13.275
Moscow,2025-01-06,-5.7875000000000005,-4.8,-6.6,0.2,10.041666666666666
Moscow,2025-01-07,-1.2541666666666667,1.6,-4.9,6.0,10.358333333333333
Moscow,2025-01-08,1.9875,3.3,0.2,0.9,14.987499999999999
Moscow,2025-01-09,-0.6583333333333333,0.7,-2.5,0.0,10.450000000000001
Moscow,2025-01-10,1.3916666666666666,2.7,-0.7,2.9,12.820833333333333
Moscow,2025-01-11,2.704166666666667,3.8,-0.2,4.5,14.35
Moscow,2025-01-12,-1.5041666666666667,-0.6,-3.1,0.0,7.466666666666666
Moscow,2025-01-13,-3.0041666666666664,-1.6,-7.7,0.8,8.85
Moscow,2025-01-14,-4.291666666666667,-0.3,-7.5,2.0,13.9
Moscow,2025-01-15,-0.4166666666666667,1.5,-3.7,0.30000000000000004,11.075000000000001
Moscow,2025-01-16,-0.7041666666666667,1.8,-4.7,3.8,12.424999999999999
Moscow,2025-01-17,2.3208333333333333,3.1,1.1,0.0,14.758333333333333
Moscow,2025-01-18,1.1583333333333334,2.1,0.3,1.8,14.737499999999999
Moscow,2025-01-19,-0.5708333333333333,0.5,-1.6,0.0,13.966666666666667
Moscow,2025-01-20,0.10833333333333335,1.8,-2.8,0.0,14.275
Moscow,2025-01-21,-6.333333333333333,-3.1,-7.7,0.0,6.8875
Moscow,2025-01-22,-4.766666666666667,-2.1,-7.6,0.9,13.475
Moscow,2025-01-23,-2.725,-2.2,-3.1,0.0,11.083333333333334
Moscow,2025-01-24,-1.9000000000000001,-1.2,-2.8,0.0,8.254166666666666
Moscow,2025-01-25,-0.24166666666666667,1.5,-1.9,0.0,9.5625
Moscow,2025-01-26,1.8291666666666666,3.0,0.8,1.7,11.254166666666668
Moscow,2025-01-27,3.725,4.5,1.8,1.6,13.525
Moscow,2025-01-28,3.358333333333333,4.0,2.8,0.1,9.966666666666667
Moscow,2025-01-29,3.4625,4.1,2.8,0.1,9.658333333333333
Moscow,2025-01-30,4.679166666666666,6.5,3.4,0.1,12.029166666666667
Moscow,2025-01-31,2.9958333333333336,5.3,1.0,0.4,10.012500000000001
Moscow,2025-02-01,2.5708333333333333,3.8,1.3,1.0,12.458333333333334
Moscow,2025-02-02,0.10000000000000002,1.3,-1.3,0.4,10.424999999999999
Moscow,2025-02-03,-0.8208333333333333,0.7,-1.8,0.1,6.629166666666666
Moscow,2025-02-04,-1.9000000000000001,0.3,-4.1,0.0,3.6041666666666665
Moscow,2025-02-05,-1.3833333333333335,0.1,-2.9,0.0,10.645833333333334
Moscow,2025-02-06,-1.7666666666666666,-0.8,-3.2,0.0,6.2749999999999995
Moscow,2025-02-07,-3.920833333333333,-3.2,-4.6,0.0,7.8625
Moscow,2025-02-08,-4.004166666666666,-3.2,-4.8,0.0,3.8874999999999997
Moscow,2025-02-09,-4.541666666666667,-3.8,-5.2,0.0,1.6541666666666668
Moscow,2025-02-10,-5.2,-4.0,-6.1,0.0,4.6875
Moscow,2025-02-11,-6.108333333333333,-4.6,-7.2,0.0,4.658333333333333
Moscow,2025-02-12,-6.833333333333333,-5.2,-8.0,0.0,7.791666666666667
Moscow,2025-02-13,-7.1499999999999995,-6.0,-8.2,0.0,5.6125
Moscow,2025-02-14,-7.083333333333333,-5.1,-10.0,0.2,6.5
Moscow,2025-02-15,-8.879166666666666,-7.6,-12.0,0.2,9.445833333333333
Moscow,2025-02-16,-10.941666666666668,-9.0,-13.4,0.5,9.091666666666667
Moscow,2025-02-17,-12.5625,-9.9,-15.4,0.0,9.362499999999999
Moscow,2025-02-18,-10.145833333333334,-6.6,-15.8,0.30000000000000004,5.7625
Moscow,2025-02-19,-7.416666666666667,-4.8,-9.4,0.1,5.445833333333333
Moscow,2025-02-20,-9.241666666666667,-6.4,-13.7,0.0,4.708333333333333
Moscow,2025-02-21,-7.558333333333334,-3.2,-12.1,0.0,7.304166666666667
Moscow,2025-02-22,-7.783333333333334,-2.7,-12.2,0.0,5.179166666666666
Moscow,2025-02-23,-9.908333333333333,-3.7,-14.2,0.0,3.7125
Moscow,2025-02-24,-10.391666666666667,-3.2,-16.0,0.0,5.566666666666666
Moscow,2025-02-25,-9.225,-2.0,-15.2,0.0,2.2916666666666665
Moscow,2025-02-26,-6.566666666666666,-1.2,-10.5,0.0,4.866666666666666
Moscow,2025-02-27,-6.3875,0.8,-11.7,0.0,4.004166666666666
Moscow,2025-02-28,-3.4166666666666665,3.3,-11.5,0.0,5.295833333333333
Moscow,2025-03-01,-0.6,3.3,-4.2,0.0,7.979166666666667
Moscow,2025-03-02,-1.0583333333333333,1.3,-2.8,0.6000000000000001,5.895833333333333
Moscow,2025-03-03,-0.3,1.1,-1.7,1.8,7.504166666666666
Moscow,2025-03-04,1.4458333333333335,3.1,0.1,5.3,13.104166666666666
Moscow,2025-03-05,1.4416666666666667,3.4,-0.1,3.5,16.345833333333335
Moscow,2025-03-06,5.1375,8.2,3.1,1.6,16.6875
Moscow,2025-03-07,6.054166666666667,8.8,-0.4,0.0,14.399999999999999
Moscow,2025-03-08,4.079166666666667,9.6,-1.3,0.0,8.291666666666666
Moscow,2025-03-09,5.395833333333333,10.9,1.3,0.0,9.233333333333333
Moscow,2025-03-10,4.3500000000000005,9.0,0.0,0.0,8.5875
Moscow,2025-03-11,6.908333333333334,11.3,3.9,0.2,11.920833333333334
Moscow,2025-03-12,7.541666666666667,11.8,4.8,4.8,7.304166666666667
Moscow,2025-03-13,7.354166666666667,10.9,3.8,2.0,12.379166666666668
Moscow,2025-03-14,8.549999999999999,13.8,1.3,5.0,20.970833333333335
Moscow,2025-03-15,-0.10416666666666667,2.6,-1.8,0.0,6.554166666666667
Moscow,2025-03-16,-0.004166666666666652,4.5,-3.8,0.0,8.533333333333333
Moscow,2025-03-17,-2.1708333333333334,-1.0,-4.8,1.7999999999999998,10.304166666666667
Moscow,2025-03-18,-2.0875,1.5,-6.4,0.0,6.375
Moscow,2025-03-19,0.27499999999999997,3.6,-4.2,0.8999999999999999,14.083333333333334
Moscow,2025-03-20,3.1833333333333336,7.8,-0.9,0.0,9.512500000000001
Moscow,2025-03-21,4.658333333333333,8.7,1.6,0.0,10.045833333333333
Moscow,2025-03-22,0.9583333333333334,4.0,-2.0,0.0,10.875
Moscow,2025-03-23,0.9375,4.9,-3.9,0.0,6.308333333333334
Moscow,2025-03-24,4.679166666666666,10.1,-1.6,0.0,11.829166666666666
Moscow,2025-03-25,3.4916666666666667,5.0,1.1,5.4,13.0625
Moscow,2025-03-26,3.341666666666667,5.3,1.0,0.0,4.404166666666667
Moscow,2025-03-27,4.808333333333334,7.6,2.7,1.8,6.0625
Moscow,2025-03-28,6.141666666666667,10.7,2.5,0.1,3.029166666666667
Moscow,2025-03-29,7.154166666666666,12.6,1.1,0.0,3.1458333333333335
Moscow,2025-03-30,7.304166666666667,12.0,2.3,0.0,5.970833333333334
Moscow,2025-03-31,9.625,14.2,4.6,0.0,7.9624999999999995
Moscow,2025-04-01,8.570833333333333,13.0,6.9,8.0,11.941666666666668
Moscow,2025-04-02,8.395833333333334,12.5,5.1,2.4,11.0
Moscow,2025-04-03,8.229166666666666,13.2,4.6,0.0,7.933333333333334
Moscow,2025-04-04,8.65,15.5,2.9,0.0,13.5
Moscow,2025-04-05,3.5041666666666664,6.1,-1.0,0.6,10.4375
Moscow,2025-04-06,-2.225,-1.7,-2.9,12.9,18.541666666666668
Moscow,2025-04-07,-1.2708333333333333,0.6,-2.8,12.0,10.470833333333333
Moscow,2025-04-08,-1.5166666666666666,-0.6,-2.8,8.2,11.416666666666666
Moscow,2025-04-09,-2.3249999999999997,-0.6,-3.9,2.3000000000000003,14.495833333333332
Moscow,2025-04-10,-1.9124999999999999,1.0,-4.8,1.0,6.6375
Moscow,2025-04-11,-0.5708333333333334,2.4,-5.2,0.30000000000000004,9.075000000000001
Moscow,2025-04-12,-0.054166666666666675,2.8,-1.3,2.6,11.479166666666666
Moscow,2025-04-13,3.283333333333333,8.7,-0.9,0.7000000000000001,5.2375
Moscow,2025-04-14,6.945833333333333,11.7,0.7,0.0,10.008333333333333
Moscow,2025-04-15,11.862499999999999,17.1,6.2,0.0,10.804166666666667
Moscow,2025-04-16,13.470833333333333,19.9,7.2,0.0,5.608333333333333
Moscow,2025-04-17,13.129166666666668,17.7,8.4,0.0,9.0125
Moscow,2025-04-18,16.616666666666667,22.4,11.1,0.4,7.245833333333334
Moscow,2025-04-19,18.141666666666666,24.1,12.8,1.2,9.875
Moscow,2025-04-20,18.208333333333332,24.2,13.1,0.0,10.333333333333334
Moscow,2025-04-21,18.783333333333335,25.5,11.7,0.0,11.716666666666667
Moscow,2025-04-22,17.695833333333333,23.7,11.4,0.1,7.983333333333333
Moscow,2025-04-23,18.445833333333333,25.9,11.1,0.30000000000000004,10.391666666666667
Moscow,2025-04-24,14.729166666666666,19.4,10.2,0.0,9.1625
Moscow,2025-04-25,12.033333333333333,17.1,4.8,3.3000000000000003,11.420833333333334
Moscow,2025-04-26,4.058333333333334,7.9,1.2,0.0,15.404166666666667
Moscow,2025-04-27,2.529166666666667,5.4,-0.6,0.30000000000000004,13.516666666666666
Moscow,2025-04-28,5.929166666666667,11.2,-1.3,0.0,12.2875
Moscow,2025-04-29,7.916666666666667,11.7,5.6,3.2,14.583333333333334
Moscow,2025-04-30,7.966666666666666,10.3,5.8,1.6,11.85
Moscow,2025-05-01,5.895833333333333,8.7,1.3,23.0,11.525
Moscow,2025-05-02,3.975,7.7,0.9,7.4,13.679166666666667
Moscow,2025-05-03,8.825000000000001,13.6,2.0,0.4,10.825000000000001
Moscow,2025-05-04,12.5875,17.5,6.8,10.2,9.008333333333333
Moscow,2025-05-05,10.233333333333333,13.5,3.3,1.2000000000000002,16.770833333333332
Moscow,2025-05-06,7.0625,11.0,2.1,0.2,9.891666666666667
Moscow,2025-05-07,9.270833333333334,13.5,4.4,0.1,6.625
Moscow,2025-05-08,6.558333333333334,9.1,4.1,0.2,9.370833333333334
Moscow,2025-05-09,5.804166666666667,9.1,2.6,0.0,9.279166666666667
Moscow,2025-05-10,5.9624999999999995,10.0,1.9,1.7999999999999998,10.708333333333334
Moscow,2025-05-11,5.095833333333333,8.4,2.4,1.7000000000000002,13.6
Moscow,2025-05-12,5.183333333333333,9.1,1.4,3.5,9.362499999999999
Moscow,2025-05-13,6.429166666666667,8.8,3.2,7.2,5.558333333333334
Moscow,2025-05-14,8.933333333333334,12.7,4.5,0.8,7.8999999999999995
Moscow,2025-05-15,11.979166666666666,16.9,5.2,0.1,8.604166666666666
Moscow,2025-05-16,15.891666666666666,21.4,9.7,0.0,9.450000000000001
Moscow,2025-05-17,16.466666666666665,20.7,11.5,0.0,9.933333333333334
Moscow,2025-05-18,15.829166666666666,21.8,12.2,1.4,13.320833333333333
Moscow,2025-05-19,13.8125,16.7,11.1,1.9000000000000001,10.983333333333334
Moscow,2025-05-20,12.595833333333333,17.4,9.6,6.3,9.295833333333333
Moscow,2025-05-21,14.591666666666667,18.7,10.2,0.7999999999999999,8.799999999999999
Moscow,2025-05-22,17.033333333333335,22.8,9.4,0.0,4.066666666666666
Moscow,2025-05-23,20.650000000000002,25.4,13.4,0.0,9.758333333333333
Moscow,2025-05-24,22.65833333333333,27.1,15.9,0.0,9.3375
Moscow,2025-05-25,23.22083333333333,28.2,16.6,0.0,11.9
Moscow,2025-05-26,23.47083333333333,28.2,16.9,0.0,15.737499999999999
Moscow,2025-05-27,22.7,26.1,18.8,0.0,13.716666666666667
Moscow,2025-05-28,22.441666666666666,27.2,15.6,0.0,13.0875
Moscow,2025-05-29,24.170833333333334,29.1,16.9,0.1,13.7125
Moscow,2025-05-30,22.47083333333333,25.7,18.1,2.1,9.508333333333333
Moscow,2025-05-31,20.945833333333333,25.5,17.8,1.9,6.0874999999999995
Moscow,2025-06-01,17.7375,21.0,13.2,0.1,12.679166666666667
Moscow,2025-06-02,18.283333333333335,23.0,10.6,0.0,9.395833333333334
Moscow,2025-06-03,19.541666666666668,23.4,14.7,0.1,10.233333333333333
Moscow,2025-06-04,18.579166666666666,22.3,14.8,0.4,9.825000000000001
Moscow,2025-06-05,20.375,25.2,13.2,0.0,8.275
Moscow,2025-06-06,21.8125,26.5,16.4,2.7,10.879166666666668
Moscow,2025-06-07,22.766666666666666,27.3,18.5,3.3000000000000003,8.85
Moscow,2025-06-08,21.96666666666667,27.3,17.1,1.9000000000000001,8.741666666666667
Moscow,2025-06-09,21.849999999999998,26.9,16.1,1.7,13.408333333333333
Moscow,2025-06-10,17.004166666666666,20.4,13.2,0.0,12.533333333333333
Moscow,2025-06-11,16.591666666666665,20.2,10.8,0.0,5.0125
Moscow,2025-06-12,17.629166666666666,21.5,14.4,4.2,7.2749999999999995
Moscow,2025-06-13,16.204166666666666,20.4,12.7,12.100000000000001,12.0875
Moscow,2025-06-14,14.541666666666666,17.7,12.2,8.9,13.012500000000001
Moscow,2025-06-15,15.1,17.7,12.9,4.6000000000000005,12.4625
Moscow,2025-06-16,18.679166666666667,23.1,13.0,0.0,7.5
Moscow,2025-06-17,17.925,22.0,14.5,5.4,4.441666666666666
Moscow,2025-06-18,16.379166666666666,19.7,14.7,4.2,5.883333333333333
Moscow,2025-06-19,14.858333333333334,17.8,12.6,4.4,11.5875
Moscow,2025-06-20,13.779166666666667,17.0,11.3,7.8,12.424999999999999
Moscow,2025-06-21,13.533333333333333,16.5,11.3,0.1,11.891666666666666
Moscow,2025-06-22,13.270833333333334,16.3,9.9,2.6,7.8374999999999995
Moscow,2025-06-23,15.575000000000001,19.4,11.0,0.0,6.358333333333333
Moscow,2025-06-24,16.3625,20.4,11.3,1.9,11.762500000000001
Moscow,2025-06-25,15.908333333333333,18.9,12.9,1.8,13.304166666666667
Moscow,2025-06-26,15.570833333333333,19.4,11.7,1.1,12.174999999999999
Moscow,2025-06-27,14.616666666666667,18.5,11.1,0.0,12.416666666666666
Moscow,2025-06-28,16.9875,22.4,10.2,0.0,3.1958333333333333
Moscow,2025-06-29,16.554166666666667,21.6,11.9,7.9,11.891666666666666
Moscow,2025-06-30,12.570833333333333,14.7,11.0,8.3,17.025
Moscow,2025-07-01,12.958333333333334,15.3,11.2,7.4,18.570833333333333
Moscow,2025-07-02,15.924999999999999,19.6,12.0,1.5,14.387500000000001
Moscow,2025-07-03,20.462500000000002,25.0,14.8,0.0,10.391666666666667
Moscow,2025-07-04,20.520833333333332,24.7,15.4,1.5,10.945833333333333
Moscow,2025-07-05,16.525000000000002,20.1,13.7,0.0,9.358333333333333
Moscow,2025-07-06,16.920833333333334,21.9,12.2,0.1,9.799999999999999
Moscow,2025-07-07,22.3625,27.7,16.0,0.1,10.554166666666667
Moscow,2025-07-08,25.041666666666668,31.7,18.6,1.6,11.5375
Moscow,2025-07-09,26.0125,31.3,20.8,1.5,7.045833333333333
Moscow,2025-07-10,28.066666666666666,33.5,22.4,0.0,11.429166666666667
Moscow,2025-07-11,29.354166666666668,35.1,21.8,0.0,11.795833333333334
Moscow,2025-07-12,28.858333333333334,33.2,23.7,0.6000000000000001,8.479166666666666
Moscow,2025-07-13,25.78333333333333,30.9,21.2,3.3000000000000003,8.129166666666666
Moscow,2025-07-14,23.791666666666668,28.0,19.9,1.6,5.045833333333333
Moscow,2025-07-15,22.133333333333336,26.7,18.7,8.999999999999998,3.8166666666666664
Moscow,2025-07-16,20.941666666666666,24.6,17.8,7.4,4.391666666666667
Moscow,2025-07-17,21.20416666666667,25.3,17.3,5.6000000000000005,5.420833333333333
Moscow,2025-07-18,21.474999999999998,26.1,16.8,0.0,10.858333333333334
Moscow,2025-07-19,21.633333333333336,26.5,16.3,1.5,12.533333333333333
Moscow,2025-07-20,21.758333333333336,25.7,18.9,0.9,12.8125
Moscow,2025-07-21,18.633333333333333,20.5,17.3,30.9,8.941666666666666
Moscow,2025-07-22,19.620833333333334,22.4,16.9,3.1,6.5375000000000005
Moscow,2025-07-23,20.583333333333332,24.3,16.8,1.4,6.254166666666666
Moscow,2025-07-24,21.441666666666666,24.7,17.5,3.0,5.316666666666666
Moscow,2025-07-25,22.420833333333334,27.2,17.4,0.0,5.9375
Moscow,2025-07-26,21.016666666666666,25.8,15.3,0.0,6.920833333333333
Moscow,2025-07-27,22.95,27.6,15.7,0.0,5.033333333333333
Moscow,2025-07-28,25.229166666666668,29.7,19.0,0.0,4.420833333333333
Moscow,2025-07-29,25.599999999999998,30.3,20.0,0.2,6.533333333333334
Moscow,2025-07-30,25.52916666666667,30.2,19.9,0.1,7.458333333333333
Moscow,2025-07-31,25.454166666666666,29.4,20.6,0.1,9.487499999999999
Moscow,2025-08-01,21.604166666666668,25.6,18.9,18.599999999999998,9.875
Moscow,2025-08-02,20.883333333333333,23.7,18.1,0.8,7.641666666666667
Moscow,2025-08-03,21.333333333333332,25.9,15.9,0.2,6.0625
Moscow,2025-08-04,19.483333333333334,22.6,18.5,25.6,8.204166666666667
Moscow,2025-08-05,20.620833333333334,23.3,18.4,3.5,9.266666666666667
Moscow,2025-08-06,20.991666666666667,24.7,17.2,0.0,7.470833333333334
Moscow,2025-08-07,17.599999999999998,19.8,14.3,5.2,7.483333333333333
Moscow,2025-08-08,17.1875,21.1,12.7,0.1,8.566666666666666
Moscow,2025-08-09,15.820833333333333,19.5,13.4,10.3,7.454166666666667
Moscow,2025-08-10,17.625,21.5,12.9,0.1,7.645833333333333
Moscow,2025-08-11,16.474999999999998,19.5,14.3,1.9000000000000001,5.091666666666667
Moscow,2025-08-12,16.533333333333335,20.4,14.1,5.0,9.191666666666666
Moscow,2025-08-13,16.620833333333334,20.7,13.0,1.0,10.670833333333334
Moscow,2025-08-14,15.225,18.1,11.6,0.5,11.0875
Moscow,2025-08-15,18.337500000000002,22.9,14.6,0.0,10.012500000000001
Moscow,2025-08-16,18.470833333333335,23.1,12.3,0.0,9.354166666666666
Moscow,2025-08-17,16.816666666666666,20.0,12.2,1.4000000000000001,9.066666666666666
Moscow,2025-08-18,14.112499999999999,17.4,11.1,4.2,8.079166666666667
Moscow,2025-08-19,16.591666666666665,19.6,13.7,0.5,12.270833333333334
Moscow,2025-08-20,16.7375,21.9,12.8,8.9,11.387500000000001
Moscow,2025-08-21,13.866666666666667,15.8,10.9,6.9,5.958333333333333
Moscow,2025-08-22,13.362499999999999,17.6,8.7,0.0,5.6875
Moscow,2025-08-23,14.179166666666667,17.4,10.6,0.0,5.858333333333333
Moscow,2025-08-24,14.158333333333333,18.4,9.7,0.0,5.616666666666667
Moscow,2025-08-25,12.362499999999999,15.7,9.3,1.5,11.679166666666667
Moscow,2025-08-26,11.954166666666666,15.5,9.5,2.2,10.975
Moscow,2025-08-27,12.404166666666667,15.8,8.9,1.0,10.424999999999999
Moscow,2025-08-28,13.779166666666667,17.8,9.4,0.1,12.141666666666666
Moscow,2025-08-29,16.491666666666667,19.9,11.5,0.9,8.379166666666666
Moscow,2025-08-30,21.804166666666664,27.5,16.9,0.0,12.154166666666667
Moscow,2025-08-31,21.670833333333334,28.1,15.7,0.0,6.341666666666666
Moscow,2025-09-01,18.175,21.9,15.4,0.0,10.450000000000001
Moscow,2025-09-02,14.9,17.1,13.8,0.0,13.554166666666667
Moscow,2025-09-03,14.833333333333334,19.2,12.1,0.0,8.929166666666667
Moscow,2025-09-04,14.904166666666667,18.5,12.1,0.1,7.0375000000000005
Moscow,2025-09-05,15.8375,20.1,10.4,0.0,5.1375
Moscow,2025-09-06,16.275000000000002,21.2,11.0,0.0,5.908333333333332
Moscow,2025-09-07,17.008333333333333,22.3,12.2,0.0,6.579166666666667
Moscow,2025-09-08,17.05,22.0,12.0,0.0,6.154166666666666
Moscow,2025-09-09,17.0625,22.7,11.8,0.0,6.670833333333333
Moscow,2025-09-10,14.708333333333334,19.6,10.1,0.0,4.5
Moscow,2025-09-11,15.308333333333332,21.0,7.9,0.0,3.7125
Moscow,2025-09-12,14.033333333333333,17.5,10.6,0.0,8.595833333333333
Moscow,2025-09-13,12.658333333333333,17.4,7.5,0.0,6.529166666666666
Moscow,2025-09-14,13.275,18.3,8.1,0.0,6.133333333333333
Moscow,2025-09-15,14.829166666666666,21.5,8.0,0.0,8.420833333333333
Moscow,2025-09-16,16.216666666666665,21.8,11.3,0.0,10.075000000000001
Moscow,2025-09-17,15.295833333333334,20.8,11.8,0.0,9.887500000000001
Moscow,2025-09-18,13.754166666666668,19.2,9.4,1.8,7.966666666666666
Moscow,2025-09-19,12.549999999999999,14.9,10.5,3.6,10.441666666666666
Moscow,2025-09-20,13.429166666666667,16.0,10.7,0.3,12.5625
Moscow,2025-09-21,17.412499999999998,21.6,13.3,0.0,10.304166666666667
Moscow,2025-09-22,20.191666666666666,25.6,15.1,0.0,12.591666666666667
Moscow,2025-09-23,13.954166666666666,17.5,9.7,1.2000000000000002,8.766666666666667
Moscow,2025-09-24,8.4,11.2,6.1,0.1,13.183333333333332
Moscow,2025-09-25,8.216666666666667,10.5,6.3,0.4,11.725
Moscow,2025-09-26,8.833333333333334,13.8,3.3,0.0,9.591666666666667
Moscow,2025-09-27,8.5625,11.0,6.2,4.5,7.8500000000000005
Moscow,2025-09-28,6.895833333333333,9.3,5.7,0.30000000000000004,13.5
Moscow,2025-09-29,6.395833333333333,8.7,3.4,0.0,11.475
Moscow,2025-09-30,5.041666666666667,9.4,0.4,0.0,5.616666666666667
Moscow,2025-10-01,6.2,11.9,0.6,0.0,5.458333333333333
Moscow,2025-10-02,7.433333333333334,12.2,2.4,0.7,7.075
Moscow,2025-10-03,8.220833333333333,12.2,4.9,0.6,7.5125
Moscow,2025-10-04,9.458333333333334,14.3,4.6,0.0,10.883333333333333
Moscow,2025-10-05,10.2125,13.3,7.4,1.0,10.891666666666666
Moscow,2025-10-06,11.075000000000001,13.0,9.7,3.3000000000000003,3.1208333333333336
Moscow,2025-10-07,10.920833333333334,13.0,8.7,0.6,3.2875
Moscow,2025-10-08,11.179166666666667,13.4,9.4,0.0,3.0083333333333333
Moscow,2025-10-09,11.120833333333332,14.2,8.7,0.7,7.5
Moscow,2025-10-10,10.049999999999999,11.4,8.4,1.8,9.029166666666667
Moscow,2025-10-11,9.891666666666667,12.2,7.8,0.8,7.3500000000000005
Moscow,2025-10-12,6.966666666666666,9.4,4.9,2.9000000000000004,10.133333333333333
Moscow,2025-10-13,3.9583333333333335,5.1,2.7,19.7,11.441666666666668
Moscow,2025-10-14,4.366666666666666,5.8,3.6,3.8000000000000003,11.858333333333334
Moscow,2025-10-15,3.1374999999999997,5.4,-0.9,6.5,6.429166666666667
Moscow,2025-10-16,4.616666666666666,6.8,1.8,0.6000000000000001,9.195833333333333
Moscow,2025-10-17,7.8500000000000005,10.5,6.7,2.8,12.4125
Moscow,2025-10-18,5.733333333333333,7.1,4.5,0.0,5.441666666666666
Moscow,2025-10-19,5.820833333333333,7.7,4.4,0.6000000000000001,9.6
Moscow,2025-10-20,5.941666666666666,8.4,4.3,0.5,10.35
Moscow,2025-10-21,4.191666666666666,5.0,3.2,2.0,9.112499999999999
Moscow,2025-10-22,5.004166666666666,6.8,3.7,0.0,4.820833333333334
Moscow,2025-10-23,4.833333333333333,6.4,2.8,0.1,6.920833333333333
Moscow,2025-10-24,7.408333333333334,9.8,5.3,1.9000000000000001,11.2875
Moscow,2025-10-25,9.483333333333333,11.9,7.6,2.6,14.491666666666667
Moscow,2025-10-26,6.854166666666667,8.2,4.3,2.5,13.112499999999999
Moscow,2025-10-27,6.6375,9.0,3.6,5.1,12.483333333333334
Moscow,2025-10-28,5.941666666666666,7.7,4.0,5.0,10.575
Moscow,2025-10-29,5.3500000000000005,7.6,4.1,2.1,8.483333333333333
Moscow,2025-10-30,5.716666666666666,8.0,3.9,0.0,7.075
Moscow,2025-10-31,5.5375000000000005,6.5,4.5,9.9,12.379166666666668
Moscow,2025-11-01,5.308333333333334,6.4,4.2,0.0,6.370833333333334
Moscow,2025-11-02,4.979166666666667,7.2,3.6,0.1,7.141666666666667
Moscow,2025-11-03,6.608333333333333,9.2,4.1,1.9000000000000001,12.741666666666667
Moscow,2025-11-04,8.320833333333333,9.5,6.5,2.9,10.583333333333334
Moscow,2025-11-05,6.195833333333333,8.7,3.9,0.0,9.8375
Moscow,2025-11-06,7.391666666666667,8.8,5.8,2.2,12.720833333333333
Moscow,2025-11-07,8.7875,10.0,7.2,1.1,10.4125
Moscow,2025-11-08,8.816666666666666,10.5,7.9,0.1,9.416666666666666
Moscow,2025-11-09,5.308333333333334,7.5,3.4,0.0,9.058333333333334
Moscow,2025-11-10,3.095833333333333,3.7,2.5,0.0,7.0375000000000005
Moscow,2025-11-11,3.608333333333333,5.3,2.3,0.0,4.3125
Moscow,2025-11-12,3.4791666666666665,4.3,2.5,1.0,10.25
Moscow,2025-11-13,4.783333333333333,6.4,3.6,0.1,9.079166666666667
Moscow,2025-11-14,5.454166666666667,6.9,2.4,4.5,16.270833333333332
Moscow,2025-11-15,-0.65,1.2,-5.2,8.8,8.987499999999999
Moscow,2025-11-16,-3.6333333333333333,-2.0,-5.5,0.0,10.379166666666666
Moscow,2025-11-17,0.45,3.7,-5.2,3.4000000000000004,13.416666666666666
Moscow,2025-11-18,4.75,9.4,-0.2,9.6,18.191666666666666
Moscow,2025-11-19,0.14166666666666666,0.9,-0.9,0.0,10.770833333333334
Moscow,2025-11-20,-0.5375,1.2,-1.9,0.0,9.441666666666666
Moscow,2025-11-21,0.4041666666666666,1.2,-1.5,0.8,7.683333333333334
Moscow,2025-11-22,0.8624999999999999,2.1,-0.2,4.5,5.2250000000000005
Moscow,2025-11-23,-0.43333333333333335,1.0,-1.9,1.3,6.95
Moscow,2025-11-24,1.8916666666666666,5.0,-1.0,9.200000000000001,16.266666666666666
Moscow,2025-11-25,0.15,1.0,-0.7,0.6000000000000001,9.358333333333333
Moscow,2025-11-26,0.5958333333333333,1.5,0.3,6.9,5.095833333333333
Moscow,2025-11-27,4.245833333333334,5.6,1.4,7.8,10.329166666666667
Moscow,2025-11-28,2.908333333333333,5.5,0.6,1.9,9.174999999999999
Moscow,2025-11-29,0.225,1.0,-0.4,0.2,8.829166666666667
Moscow,2025-11-30,2.1791666666666667,3.1,0.6,0.0,5.6000000000000005
Moscow,2025-12-01,0.40416666666666673,2.1,-0.6,0.0,8.979166666666666
Moscow,2025-12-02,0.4916666666666667,1.0,-0.1,0.0,4.8625
Moscow,2025-12-03,0.8416666666666667,1.6,0.4,0.0,4.370833333333334
Moscow,2025-12-04,1.9791666666666667,2.9,0.8,0.0,7.075
Moscow,2025-12-05,2.0500000000000003,2.7,1.1,0.0,7.045833333333333
Moscow,2025-12-06,2.6041666666666665,3.5,1.6,0.0,7.758333333333333
Moscow,2025-12-07,0.6749999999999999,1.6,0.2,0.0,7.491666666666667
Moscow,2025-12-08,0.14166666666666666,0.8,-0.3,0.0,9.5375
Moscow,2025-12-09,-0.4666666666666666,0.1,-1.2,1.1,14.179166666666667
Moscow,2025-12-10,-0.3958333333333333,0.7,-1.6,1.5,8.991666666666667
Moscow,2025-12-11,2.3125,3.4,0.8,4.2,14.1875
Moscow,2025-12-12,0.6208333333333335,4.4,-4.1,3.7,15.504166666666668
Moscow,2025-12-13,-4.995833333333334,-4.2,-5.6,1.2000000000000002,19.445833333333333
Moscow,2025-12-14,-6.520833333333333,-5.4,-9.4,0.1,12.441666666666668
Moscow,2025-12-15,-7.445833333333333,-5.7,-11.1,0.1,4.3625
Moscow,2025-12-16,-1.2083333333333333,1.7,-6.4,1.5,10.950000000000001
Moscow,2025-12-17,1.0041666666666667,1.8,0.0,0.0,9.35
Moscow,2025-12-18,0.4875,1.4,-0.2,0.0,12.166666666666666
Moscow,2025-12-19,-0.35833333333333334,1.0,-1.3,0.2,9.479166666666666
Moscow,2025-12-20,-0.5708333333333333,-0.1,-0.9,0.0,11.616666666666667
Moscow,2025-12-21,0.25833333333333336,0.7,-0.5,1.1,10.179166666666667
Moscow,2025-12-22,-1.3791666666666667,1.2,-7.0,1.1,14.345833333333333
Moscow,2025-12-23,-12.795833333333334,-8.6,-15.9,0.0,13.870833333333332
Moscow,2025-12-24,-10.795833333333334,-3.8,-17.1,1.0,11.941666666666668
Moscow,2025-12-25,-2.0500000000000003,0.5,-4.1,6.3,15.008333333333333
Moscow,2025-12-26,0.5791666666666667,1.0,-0.1,6.5,19.1875
Moscow,2025-12-27,-1.5708333333333335,-0.3,-3.3,1.0,11.762500000000001
Moscow,2025-12-28,-2.9333333333333336,-2.1,-3.6,2.4,9.4
Moscow,2025-12-29,-4.495833333333334,-3.6,-5.6,2.5,5.866666666666667
Moscow,2025-12-30,-4.979166666666667,-4.2,-5.8,4.8,9.416666666666666
Moscow,2025-12-31,-7.270833333333333,-5.5,-8.8,2.2,9.429166666666667
Kaliningrad,2025-01-01,4.795833333333333,6.6,2.3,5.9,31.895833333333332
Kaliningrad,2025-01-02,2.9166666666666665,6.7,-0.3,3.1,23.316666666666666
Kaliningrad,2025-01-03,-0.03333333333333335,1.2,-1.5,3.0,22.316666666666666
Kaliningrad,2025-01-04,-1.4458333333333335,0.8,-3.8,2.2,19.041666666666668
Kaliningrad,2025-01-05,-1.7708333333333333,0.3,-3.6,0.9,17.3625
Kaliningrad,2025-01-06,0.07083333333333335,4.5,-3.4,5.2,17.125
Kaliningrad,2025-01-07,4.041666666666667,5.3,1.2,0.2,16.491666666666667
Kaliningrad,2025-01-08,1.075,2.0,-0.1,0.30000000000000004,19.470833333333335
Kaliningrad,2025-01-09,0.46249999999999997,2.6,-1.0,5.0,12.091666666666667
Kaliningrad,2025-01-10,2.125,4.3,1.0,13.700000000000001,24.55
Kaliningrad,2025-01-11,-0.0666666666666667,1.0,-2.1,11.6,20.058333333333334
Kaliningrad,2025-01-12,0.0375,1.3,-2.4,1.9,18.716666666666665
Kaliningrad,2025-01-13,-1.4166666666666667,1.9,-5.9,0.0,13.829166666666666
Kaliningrad,2025-01-14,1.1041666666666667,3.0,-0.5,4.5,22.916666666666668
Kaliningrad,2025-01-15,2.8666666666666667,5.0,0.8,0.0,8.4375
Kaliningrad,2025-01-16,2.6625,4.0,0.5,0.0,20.0625
Kaliningrad,2025-01-17,3.9916666666666667,5.4,3.0,0.0,21.329166666666666
Kaliningrad,2025-01-18,4.591666666666667,5.9,3.6,0.0,14.9625
Kaliningrad,2025-01-19,3.1041666666666665,4.5,2.0,0.0,12.604166666666666
Kaliningrad,2025-01-20,0.3541666666666667,1.9,-0.6,0.0,9.6875
Kaliningrad,2025-01-21,0.47500000000000003,2.3,-0.5,0.0,8.529166666666667
Kaliningrad,2025-01-22,0.09999999999999999,1.0,-1.2,0.0,6.945833333333333
Kaliningrad,2025-01-23,0.4375,2.2,-1.8,2.2,16.091666666666665
Kaliningrad,2025-01-24,3.1666666666666665,5.3,2.0,0.0,15.541666666666666
Kaliningrad,2025-01-25,6.3625,9.5,3.4,2.8,16.929166666666667
Kaliningrad,2025-01-26,4.891666666666667,7.2,3.6,6.0,9.595833333333333
Kaliningrad,2025-01-27,6.3875,8.6,3.1,0.0,15.233333333333334
Kaliningrad,2025-01-28,7.4875,10.3,5.3,0.8,12.141666666666666
Kaliningrad,2025-01-29,7.395833333333333,8.6,6.5,0.30000000000000004,16.695833333333333
Kaliningrad,2025-01-30,6.691666666666666,8.5,5.6,0.0,16.679166666666667
Kaliningrad,2025-01-31,4.2,5.7,2.6,16.4,12.758333333333333
Kaliningrad,2025-02-01,2.7875,3.6,1.5,0.5,14.479166666666666
Kaliningrad,2025-02-02,1.425,2.4,0.8,0.1,10.379166666666666
Kaliningrad,2025-02-03,1.2583333333333333,2.1,-0.3,0.1,11.608333333333334
Kaliningrad,2025-02-04,2.2624999999999997,3.9,0.7,0.8,8.0625
Kaliningrad,2025-02-05,1.55,3.7,-1.4,0.1,8.995833333333334
Kaliningrad,2025-02-06,3.6041666666666665,6.9,1.5,0.0,10.5875
Kaliningrad,2025-02-07,1.0999999999999999,3.0,-2.6,0.0,16.404166666666665
Kaliningrad,2025-02-08,-1.7625,0.9,-3.3,0.0,17.925
Kaliningrad,2025-02-09,-3.0375,0.7,-5.1,0.0,11.545833333333334
Kaliningrad,2025-02-10,-5.329166666666667,-2.4,-7.2,0.0,10.641666666666667
Kaliningrad,2025-02-11,-5.070833333333334,-2.5,-6.2,0.0,13.270833333333334
Kaliningrad,2025-02-12,-4.7,-0.3,-7.9,0.0,11.7875
Kaliningrad,2025-02-13,-3.391666666666667,1.3,-7.3,0.0,9.262500000000001
Kaliningrad,2025-02-14,-2.779166666666667,0.4,-5.3,0.0,11.1
Kaliningrad,2025-02-15,-3.1916666666666664,-0.7,-5.9,5.0,9.016666666666667
Kaliningrad,2025-02-16,-4.983333333333333,-2.3,-7.4,1.6,8.875
Kaliningrad,2025-02-17,-1.7291666666666667,-0.3,-3.9,4.1000000000000005,15.4375
Kaliningrad,2025-02-18,-3.0500000000000003,0.2,-7.7,3.1999999999999997,8.595833333333333
Kaliningrad,2025-02-19,-3.483333333333333,-1.3,-9.3,1.5,4.8999999999999995
Kaliningrad,2025-02-20,-6.995833333333334,-1.8,-13.0,0.0,8.770833333333334
Kaliningrad,2025-02-21,-2.875,0.1,-6.4,0.0,17.075
Kaliningrad,2025-02-22,-0.9916666666666667,1.9,-3.9,0.0,14.195833333333333
Kaliningrad,2025-02-23,-1.1875,1.8,-3.7,0.0,10.012500000000001
Kaliningrad,2025-02-24,1.1458333333333333,3.0,-3.0,0.0,5.529166666666666
Kaliningrad,2025-02-25,2.5541666666666667,4.8,1.1,1.5,11.141666666666666
Kaliningrad,2025-02-26,3.158333333333333,5.9,1.6,1.7,6.866666666666667
Kaliningrad,2025-02-27,2.858333333333333,6.1,0.6,7.3,5.6125
Kaliningrad,2025-02-28,2.5541666666666667,4.8,0.9,4.4,9.791666666666666
Kaliningrad,2025-03-01,2.066666666666667,4.8,0.6,1.8,11.295833333333334
Kaliningrad,2025-03-02,3.4250000000000003,5.1,1.3,0.5,19.179166666666667
Kaliningrad,2025-03-03,4.5125,6.0,3.4,0.1,26.1875
Kaliningrad,2025-03-04,5.3,6.7,4.0,0.1,30.233333333333334
Kaliningrad,2025-03-05,7.55,9.4,5.5,0.0,27.325
Kaliningrad,2025-03-06,8.8125,14.2,5.5,0.0,20.004166666666666
Kaliningrad,2025-03-07,7.158333333333334,13.3,3.3,0.0,8.2125
Kaliningrad,2025-03-08,6.0874999999999995,13.9,1.2,0.0,5.554166666666667
Kaliningrad,2025-03-09,6.391666666666667,14.6,0.5,0.0,9.270833333333334
Kaliningrad,2025-03-10,7.983333333333333,15.8,2.3,0.0,9.8375
Kaliningrad,2025-03-11,4.495833333333334,6.7,2.8,0.0,13.091666666666667
Kaliningrad,2025-03-12,4.779166666666667,7.6,3.1,0.0,8.608333333333333
Kaliningrad,2025-03-13,3.404166666666667,6.3,1.5,8.2,17.291666666666668
Kaliningrad,2025-03-14,1.7666666666666666,5.2,-1.5,0.0,10.920833333333334
Kaliningrad,2025-03-15,0.46666666666666673,5.4,-2.6,0.0,5.204166666666667
Kaliningrad,2025-03-16,1.7666666666666666,4.9,-1.1,3.0,17.154166666666665
Kaliningrad,2025-03-17,0.15833333333333333,2.5,-1.5,0.4,15.008333333333333
Kaliningrad,2025-03-18,3.279166666666667,6.1,0.0,0.0,20.466666666666665
Kaliningrad,2025-03-19,3.8000000000000003,7.5,1.3,0.0,16.291666666666668
Kaliningrad,2025-03-20,5.404166666666666,11.6,-0.1,0.0,10.854166666666666
Kaliningrad,2025-03-21,5.379166666666666,10.5,1.7,0.0,11.2125
Kaliningrad,2025-03-22,6.616666666666667,13.1,0.6,0.0,19.266666666666666
Kaliningrad,2025-03-23,6.720833333333334,11.3,2.5,0.0,20.099999999999998
Kaliningrad,2025-03-24,4.770833333333333,8.5,0.2,0.0,9.179166666666665
Kaliningrad,2025-03-25,5.791666666666667,11.9,-0.5,0.4,8.299999999999999
Kaliningrad,2025-03-26,5.954166666666667,7.7,4.7,1.1,12.85
Kaliningrad,2025-03-27,5.6125,7.9,4.2,0.0,6.729166666666667
Kaliningrad,2025-03-28,8.291666666666666,14.1,2.9,0.0,8.174999999999999
Kaliningrad,2025-03-29,9.737499999999999,16.5,3.6,0.0,10.570833333333333
Kaliningrad,2025-03-30,6.4125000000000005,8.0,3.8,2.6999999999999997,6.054166666666667
Kaliningrad,2025-03-31,5.991666666666667,9.9,3.9,0.0,11.6875
Kaliningrad,2025-04-01,6.020833333333333,10.9,3.2,0.0,13.833333333333334
Kaliningrad,2025-04-02,8.141666666666667,13.0,3.8,0.0,14.145833333333334
Kaliningrad,2025-04-03,10.075000000000001,16.5,5.3,0.0,10.616666666666667
Kaliningrad,2025-04-04,7.0625,12.1,2.6,0.0,15.504166666666668
Kaliningrad,2025-04-05,2.6041666666666665,5.0,-0.4,2.7,25.724999999999998
Kaliningrad,2025-04-06,1.1375,3.3,-1.0,0.0,20.395833333333332
Kaliningrad,2025-04-07,3.0749999999999997,6.9,-1.1,1.7,12.75
Kaliningrad,2025-04-08,3.2875,6.0,0.5,0.0,14.7875
Kaliningrad,2025-04-09,4.225,8.7,0.2,0.8,16.329166666666666
Kaliningrad,2025-04-10,2.8083333333333336,5.1,0.8,0.8,17.954166666666666
Kaliningrad,2025-04-11,5.9125000000000005,11.3,1.6,2.1,12.883333333333333
Kaliningrad,2025-04-12,7.2375,13.1,0.3,0.0,10.391666666666667
Kaliningrad,2025-04-13,12.266666666666666,19.4,3.7,0.0,11.766666666666666
Kaliningrad,2025-04-14,13.408333333333333,19.5,8.1,2.7,7.720833333333334
Kaliningrad,2025-04-15,14.65,21.5,6.8,0.0,14.766666666666666
Kaliningrad,2025-04-16,14.433333333333332,18.3,11.6,2.7,13.454166666666666
Kaliningrad,2025-04-17,18.6875,26.2,10.5,0.0,10.424999999999999
Kaliningrad,2025-04-18,19.379166666666666,25.3,14.0,1.7,7.870833333333334
Kaliningrad,2025-04-19,15.183333333333332,19.0,10.6,0.0,10.4
Kaliningrad,2025-04-20,13.204166666666666,18.6,9.6,0.0,9.4625
Kaliningrad,2025-04-21,12.108333333333334,17.3,8.2,0.0,10.366666666666667
Kaliningrad,2025-04-22,10.075000000000001,13.2,5.8,10.4,9.241666666666667
Kaliningrad,2025-04-23,11.816666666666668,17.9,5.5,0.4,4.904166666666667
Kaliningrad,2025-04-24,9.512500000000001,13.9,4.8,8.8,12.020833333333334
Kaliningrad,2025-04-25,6.216666666666666,9.5,2.8,0.0,15.737499999999999
Kaliningrad,2025-04-26,5.083333333333333,8.6,1.7,0.0,12.066666666666668
Kaliningrad,2025-04-27,5.829166666666667,10.1,1.9,0.0,7.666666666666667
Kaliningrad,2025-04-28,9.095833333333333,14.9,0.7,0.0,9.641666666666667
Kaliningrad,2025-04-29,10.8375,14.4,6.9,0.1,15.108333333333334
Kaliningrad,2025-04-30,9.929166666666667,13.4,6.4,0.5,14.525
Kaliningrad,2025-05-01,9.779166666666667,15.3,4.2,0.0,7.270833333333333
Kaliningrad,2025-05-02,14.233333333333334,21.4,7.7,0.0,16.320833333333333
Kaliningrad,2025-05-03,10.0375,13.2,6.7,0.0,12.833333333333334
Kaliningrad,2025-05-04,8.091666666666667,10.9,6.0,5.5,13.741666666666667
Kaliningrad,2025-05-05,6.841666666666666,10.0,4.5,0.0,13.924999999999999
Kaliningrad,2025-05-06,7.258333333333333,12.6,3.6,1.8,15.441666666666668
Kaliningrad,2025-05-07,5.695833333333333,9.2,2.5,0.30000000000000004,14.333333333333334
Kaliningrad,2025-05-08,5.758333333333333,9.1,2.6,0.0,11.604166666666666
Kaliningrad,2025-05-09,5.55,8.7,1.5,3.3,8.483333333333333
Kaliningrad,2025-05-10,6.954166666666667,10.0,4.5,0.2,12.616666666666667
Kaliningrad,2025-05-11,7.2375,11.3,3.5,0.1,10.629166666666666
Kaliningrad,2025-05-12,8.016666666666667,12.1,3.7,0.0,11.841666666666667
Kaliningrad,2025-05-13,9.075000000000001,13.8,2.8,0.1,8.408333333333333
Kaliningrad,2025-05-14,8.362499999999999,12.7,4.5,3.9000000000000004,16.041666666666668
Kaliningrad,2025-05-15,6.5375000000000005,9.1,3.2,11.4,15.916666666666666
Kaliningrad,2025-05-16,7.108333333333333,10.8,3.8,2.2,18.116666666666667
Kaliningrad,2025-05-17,7.270833333333333,10.6,5.0,9.7,13.445833333333333
Kaliningrad,2025-05-18,8.616666666666667,13.1,3.9,0.0,6.2250000000000005
Kaliningrad,2025-05-19,9.804166666666667,13.0,7.1,0.30000000000000004,8.983333333333333
Kaliningrad,2025-05-20,11.525,15.8,6.9,0.0,13.775
Kaliningrad,2025-05-21,13.641666666666666,20.7,8.7,1.0,9.533333333333333
Kaliningrad,2025-05-22,11.200000000000001,15.4,7.6,0.8,7.995833333333334
Kaliningrad,2025-05-23,10.487499999999999,14.1,7.4,0.1,10.883333333333333
Kaliningrad,2025-05-24,11.433333333333332,16.0,4.8,0.0,4.783333333333333
Kaliningrad,2025-05-25,14.058333333333332,19.6,5.5,0.0,9.5625
Kaliningrad,2025-05-26,13.3375,17.0,9.6,0.2,10.029166666666667
Kaliningrad,2025-05-27,15.858333333333334,20.6,9.9,0.0,8.875
Kaliningrad,2025-05-28,17.875,22.9,12.6,0.0,9.629166666666666
Kaliningrad,2025-05-29,12.875,16.0,10.2,5.1,15.916666666666666
Kaliningrad,2025-05-30,14.924999999999999,19.3,9.4,0.30000000000000004,14.595833333333333
Kaliningrad,2025-05-31,14.820833333333333,18.5,11.0,0.2,15.7125
Kaliningrad,2025-06-01,17.454166666666666,22.1,10.7,0.4,8.858333333333333
Kaliningrad,2025-06-02,15.270833333333334,18.1,11.9,3.3,13.808333333333332
Kaliningrad,2025-06-03,15.6875,19.5,10.7,0.5,7.083333333333333
Kaliningrad,2025-06-04,19.254166666666666,25.6,10.5,0.9,14.995833333333332
Kaliningrad,2025-06-05,17.150000000000002,19.1,14.9,10.8,8.366666666666667
Kaliningrad,2025-06-06,17.837500000000002,21.5,14.1,10.6,13.954166666666666
Kaliningrad,2025-06-07,17.070833333333333,22.8,13.1,8.2,12.479166666666666
Kaliningrad,2025-06-08,16.537499999999998,20.8,13.5,5.7,15.0375
Kaliningrad,2025-06-09,12.891666666666666,14.6,11.5,4.4,25.441666666666666
Kaliningrad,2025-06-10,13.929166666666667,18.0,11.3,4.0,13.858333333333334
Kaliningrad,2025-06-11,13.7125,16.7,11.6,2.3000000000000003,14.737499999999999
Kaliningrad,2025-06-12,12.645833333333334,15.0,10.7,0.8,20.245833333333334
Kaliningrad,2025-06-13,13.795833333333334,17.3,10.4,0.0,14.512500000000001
Kaliningrad,2025-06-14,15.316666666666668,20.3,9.9,0.0,7.8625
Kaliningrad,2025-06-15,18.908333333333335,25.7,9.9,0.0,3.341666666666667
Kaliningrad,2025-06-16,17.6375,23.7,14.3,1.3,15.025
Kaliningrad,2025-06-17,16.779166666666665,19.0,14.6,0.0,21.004166666666666
Kaliningrad,2025-06-18,16.870833333333334,19.3,14.8,3.9000000000000004,22.108333333333334
Kaliningrad,2025-06-19,14.395833333333334,16.5,12.3,2.5,22.229166666666668
Kaliningrad,2025-06-20,15.070833333333333,18.3,11.7,0.1,16.2375
Kaliningrad,2025-06-21,16.641666666666666,20.6,11.5,0.0,16.820833333333333
Kaliningrad,2025-06-22,15.3375,18.7,11.5,0.0,11.0
Kaliningrad,2025-06-23,17.391666666666666,23.8,10.3,5.4,15.383333333333333
Kaliningrad,2025-06-24,15.112499999999999,17.6,13.1,2.9,28.379166666666666
Kaliningrad,2025-06-25,15.029166666666667,17.0,12.8,8.2,21.104166666666668
Kaliningrad,2025-06-26,17.337500000000002,21.3,11.6,0.0,9.1375
Kaliningrad,2025-06-27,16.658333333333335,19.0,14.8,4.1,19.695833333333333
Kaliningrad,2025-06-28,16.95,19.3,14.2,0.6000000000000001,18.995833333333334
Kaliningrad,2025-06-29,17.5125,20.1,14.5,0.0,26.90833333333333
Kaliningrad,2025-06-30,15.791666666666666,18.8,12.9,0.0,18.125
Kaliningrad,2025-07-01,17.8875,22.7,12.4,0.0,9.391666666666667
Kaliningrad,2025-07-02,22.075,28.3,13.3,0.0,7.7625
Kaliningrad,2025-07-03,20.429166666666667,29.1,15.8,0.9,17.641666666666666
Kaliningrad,2025-07-04,16.4375,18.9,14.3,0.2,15.729166666666666
Kaliningrad,2025-07-05,18.108333333333334,23.5,12.9,0.3,12.404166666666667
Kaliningrad,2025-07-06,20.5125,25.2,14.2,0.2,8.9375
Kaliningrad,2025-07-07,18.908333333333335,21.7,16.1,6.0,7.966666666666666
Kaliningrad,2025-07-08,17.658333333333335,21.9,14.8,0.0,9.983333333333333
Kaliningrad,2025-07-09,15.654166666666667,17.1,14.3,0.6000000000000001,13.616666666666667
Kaliningrad,2025-07-10,16.083333333333332,19.1,14.0,8.5,20.925
Kaliningrad,2025-07-11,17.008333333333333,20.5,14.1,10.6,10.775
Kaliningrad,2025-07-12,17.270833333333332,20.3,14.9,0.6000000000000001,14.591666666666667
Kaliningrad,2025-07-13,19.412499999999998,25.5,15.7,7.7,12.291666666666666
Kaliningrad,2025-07-14,18.9375,22.8,16.0,5.0,6.666666666666667
Kaliningrad,2025-07-15,18.325,20.7,15.5,2.7,7.0375000000000005
Kaliningrad,2025-07-16,17.266666666666666,19.5,15.2,13.1,7.8374999999999995
Kaliningrad,2025-07-17,17.8625,21.3,14.7,3.1,3.904166666666667
Kaliningrad,2025-07-18,18.1125,21.4,14.2,4.3,7.379166666666666
Kaliningrad,2025-07-19,20.037499999999998,22.8,17.1,2.7,11.112499999999999
Kaliningrad,2025-07-20,20.358333333333334,23.5,17.6,0.1,11.141666666666666
Kaliningrad,2025-07-21,20.933333333333334,25.3,16.6,1.3,5.8
Kaliningrad,2025-07-22,20.233333333333334,26.9,17.3,17.099999999999998,12.054166666666667
Kaliningrad,2025-07-23,18.941666666666666,21.5,16.8,1.0,10.479166666666666
Kaliningrad,2025-07-24,18.445833333333333,21.7,15.8,2.3000000000000003,8.445833333333333
Kaliningrad,2025-07-25,20.029166666666665,23.3,16.8,0.5,6.491666666666667
Kaliningrad,2025-07-26,20.05,23.9,16.7,0.6,7.8
Kaliningrad,2025-07-27,19.691666666666666,23.1,16.1,0.8,5.504166666666666
Kaliningrad,2025-07-28,19.141666666666666,21.7,17.8,26.5,10.7125
Kaliningrad,2025-07-29,18.058333333333334,20.2,15.9,8.9,14.858333333333334
Kaliningrad,2025-07-30,17.9375,21.1,15.0,0.9,10.708333333333334
Kaliningrad,2025-07-31,18.120833333333334,22.0,14.2,0.30000000000000004,4.895833333333333
Kaliningrad,2025-08-01,17.520833333333332,21.6,14.7,1.7,7.258333333333333
Kaliningrad,2025-08-02,18.8625,23.5,14.9,0.30000000000000004,8.170833333333333
Kaliningrad,2025-08-03,19.7625,25.0,15.3,3.5999999999999996,8.637500000000001
Kaliningrad,2025-08-04,18.175,20.6,16.1,2.4,11.608333333333334
Kaliningrad,2025-08-05,17.29583333333333,20.6,15.5,6.5,14.0375
Kaliningrad,2025-08-06,15.858333333333334,17.7,14.5,3.2,19.6375
Kaliningrad,2025-08-07,17.191666666666666,20.5,13.8,2.5,13.387500000000001
Kaliningrad,2025-08-08,17.625,20.6,15.2,5.2,8.566666666666666
Kaliningrad,2025-08-09,19.375,23.8,15.2,0.0,7.891666666666667
Kaliningrad,2025-08-10,17.658333333333335,21.2,15.2,4.2,12.737499999999999
Kaliningrad,2025-08-11,17.270833333333332,20.1,15.0,0.0,12.245833333333332
Kaliningrad,2025-08-12,18.0125,21.0,15.1,0.1,8.637500000000001
Kaliningrad,2025-08-13,19.925,25.6,14.7,0.7,5.458333333333333
Kaliningrad,2025-08-14,21.53333333333333,27.5,15.1,0.0,9.325000000000001
Kaliningrad,2025-08-15,23.820833333333336,30.2,16.9,0.0,12.770833333333334
Kaliningrad,2025-08-16,19.425,22.8,15.2,2.5,13.7875
Kaliningrad,2025-08-17,17.1125,20.1,14.9,0.7000000000000001,15.695833333333333
Kaliningrad,2025-08-18,16.629166666666666,19.8,14.2,3.2,11.633333333333333
Kaliningrad,2025-08-19,18.283333333333335,22.7,13.2,0.0,10.4375
Kaliningrad,2025-08-20,16.204166666666666,19.2,12.6,0.4,14.795833333333334
Kaliningrad,2025-08-21,15.341666666666667,18.9,10.4,0.0,5.633333333333334
Kaliningrad,2025-08-22,15.129166666666668,18.4,11.3,1.4000000000000001,14.775
Kaliningrad,2025-08-23,13.1,16.1,11.2,4.3,13.5875
Kaliningrad,2025-08-24,12.841666666666667,17.2,9.7,13.0,15.924999999999999
Kaliningrad,2025-08-25,13.458333333333334,16.2,11.2,6.6000000000000005,12.379166666666668
Kaliningrad,2025-08-26,13.504166666666668,17.1,10.4,2.5,7.758333333333333
Kaliningrad,2025-08-27,15.012500000000001,20.0,9.7,0.0,8.116666666666667
Kaliningrad,2025-08-28,18.866666666666667,24.4,12.7,0.0,12.266666666666666
Kaliningrad,2025-08-29,19.891666666666666,23.8,15.9,1.3,11.229166666666666
Kaliningrad,2025-08-30,17.041666666666668,19.7,15.3,2.4,5.529166666666666
Kaliningrad,2025-08-31,17.616666666666667,21.6,15.1,1.5,6.5249999999999995
Kaliningrad,2025-09-01,17.833333333333332,22.3,14.4,0.0,8.137500000000001
Kaliningrad,2025-09-02,19.679166666666667,25.3,15.9,4.6,10.362499999999999
Kaliningrad,2025-09-03,18.720833333333335,21.2,16.2,6.0,8.020833333333334
Kaliningrad,2025-09-04,19.741666666666667,25.1,14.4,0.0,8.808333333333334
Kaliningrad,2025-09-05,20.404166666666665,26.4,14.9,0.7000000000000001,9.208333333333334
Kaliningrad,2025-09-06,18.75,21.9,16.9,0.5,10.608333333333333
Kaliningrad,2025-09-07,18.5625,21.6,15.9,7.4,7.791666666666667
Kaliningrad,2025-09-08,18.808333333333334,23.2,15.1,0.0,9.445833333333333
Kaliningrad,2025-09-09,18.0625,22.7,14.3,0.0,12.120833333333332
Kaliningrad,2025-09-10,18.349999999999998,22.6,13.9,0.2,14.341666666666667
Kaliningrad,2025-09-11,17.358333333333334,19.6,14.5,14.3,18.966666666666665
Kaliningrad,2025-09-12,17.066666666666666,20.9,13.6,0.0,10.25
Kaliningrad,2025-09-13,16.570833333333333,20.8,12.4,18.099999999999998,8.770833333333334
Kaliningrad,2025-09-14,16.008333333333333,17.8,14.6,15.9,10.883333333333333
Kaliningrad,2025-09-15,16.320833333333333,19.1,14.4,8.1,15.775
Kaliningrad,2025-09-16,15.683333333333332,18.1,14.2,1.5,19.129166666666666
Kaliningrad,2025-09-17,14.291666666666666,16.2,13.2,4.9,20.316666666666666
Kaliningrad,2025-09-18,15.525,18.1,12.8,3.2,18.837500000000002
Kaliningrad,2025-09-19,17.604166666666668,19.5,16.4,0.8999999999999999,21.575
Kaliningrad,2025-09-20,19.645833333333332,25.5,15.1,0.0,13.1875
Kaliningrad,2025-09-21,21.091666666666665,26.4,17.2,0.0,13.241666666666667
Kaliningrad,2025-09-22,14.508333333333333,17.3,13.0,2.6999999999999997,13.5875
Kaliningrad,2025-09-23,12.408333333333333,15.0,9.8,0.0,9.5375
Kaliningrad,2025-09-24,10.445833333333333,14.4,6.4,0.4,7.8
Kaliningrad,2025-09-25,9.683333333333334,14.2,4.9,0.0,8.5
Kaliningrad,2025-09-26,9.862499999999999,14.9,5.4,0.0,9.029166666666667
Kaliningrad,2025-09-27,9.9625,15.2,4.5,0.0,6.8500000000000005
Kaliningrad,2025-09-28,11.370833333333332,15.2,8.3,0.0,12.845833333333333
Kaliningrad,2025-09-29,8.258333333333333,11.0,4.7,0.0,14.104166666666666
Kaliningrad,2025-09-30,8.466666666666667,11.2,4.8,0.1,12.316666666666668
Kaliningrad,2025-10-01,9.154166666666667,13.6,5.4,0.1,10.15
Kaliningrad,2025-10-02,6.604166666666667,10.7,2.8,0.0,6.395833333333333
Kaliningrad,2025-10-03,7.05,12.1,2.6,0.0,6.016666666666667
Kaliningrad,2025-10-04,8.241666666666667,12.0,3.4,9.3,19.166666666666668
Kaliningrad,2025-10-05,10.254166666666666,12.1,8.5,1.0,18.3125
Kaliningrad,2025-10-06,10.691666666666668,13.8,7.6,0.4,12.804166666666667
Kaliningrad,2025-10-07,9.450000000000001,14.6,5.2,0.0,3.983333333333333
Kaliningrad,2025-10-08,9.420833333333333,12.3,6.2,5.0,11.512500000000001
Kaliningrad,2025-10-09,12.0875,14.9,9.9,1.7000000000000002,12.829166666666666
Kaliningrad,2025-10-10,11.795833333333334,13.9,9.9,6.7,17.6875
Kaliningrad,2025-10-11,13.008333333333333,15.5,10.6,0.2,15.975
Kaliningrad,2025-10-12,11.625,14.2,8.5,0.6000000000000001,19.883333333333333
Kaliningrad,2025-10-13,9.516666666666667,12.0,7.1,0.2,16.0125
Kaliningrad,2025-10-14,8.283333333333333,10.8,6.6,1.3,7.270833333333333
Kaliningrad,2025-10-15,10.195833333333333,12.6,7.3,0.30000000000000004,11.266666666666666
Kaliningrad,2025-10-16,10.170833333333333,11.4,8.5,2.6,15.558333333333332
Kaliningrad,2025-10-17,9.741666666666667,11.5,7.4,9.8,10.575000000000001
Kaliningrad,2025-10-18,7.0375000000000005,9.9,4.4,9.5,16.5625
Kaliningrad,2025-10-19,6.3999999999999995,9.7,3.2,0.0,4.354166666666667
Kaliningrad,2025-10-20,4.3500000000000005,8.9,1.0,0.0,12.470833333333333
Kaliningrad,2025-10-21,5.891666666666667,9.9,2.0,0.0,17.466666666666665
Kaliningrad,2025-10-22,8.833333333333334,12.6,5.1,2.0,12.841666666666667
Kaliningrad,2025-10-23,11.258333333333333,13.8,9.4,2.2,13.674999999999999
Kaliningrad,2025-10-24,10.549999999999999,12.0,8.9,12.4,14.841666666666667
Kaliningrad,2025-10-25,8.329166666666667,10.1,6.0,0.7,16.233333333333334
Kaliningrad,2025-10-26,7.354166666666667,10.4,4.2,1.4,15.754166666666668
Kaliningrad,2025-10-27,6.483333333333333,7.6,4.8,4.7,14.929166666666667
Kaliningrad,2025-10-28,7.591666666666666,9.7,5.7,4.1000000000000005,17.166666666666668
Kaliningrad,2025-10-29,8.645833333333334,11.4,6.4,3.2,16.891666666666666
Kaliningrad,2025-10-30,9.204166666666667,11.1,7.1,10.9,23.083333333333332
Kaliningrad,2025-10-31,9.075000000000001,10.4,7.1,5.3,19.05
Kaliningrad,2025-11-01,7.2375,10.6,4.0,0.0,11.762500000000001
Kaliningrad,2025-11-02,9.737499999999999,12.2,8.2,1.6,6.816666666666666
Kaliningrad,2025-11-03,9.083333333333334,10.6,8.0,1.2000000000000002,8.570833333333335
Kaliningrad,2025-11-04,8.666666666666666,10.9,5.8,0.0,12.154166666666667
Kaliningrad,2025-11-05,9.645833333333334,12.0,7.9,0.0,12.345833333333333
Kaliningrad,2025-11-06,8.875,12.9,6.5,0.0,8.870833333333334
Kaliningrad,2025-11-07,7.158333333333334,10.8,5.0,0.0,10.375
Kaliningrad,2025-11-08,5.5125,10.3,3.2,0.0,8.737499999999999
Kaliningrad,2025-11-09,4.683333333333333,6.1,3.4,0.0,5.770833333333333
Kaliningrad,2025-11-10,5.5625,6.6,4.6,0.2,3.7624999999999997
Kaliningrad,2025-11-11,6.816666666666666,8.0,5.3,0.0,6.345833333333334
Kaliningrad,2025-11-12,7.183333333333334,8.3,6.1,0.0,11.195833333333333
Kaliningrad,2025-11-13,9.716666666666667,11.4,7.5,0.0,18.1875
Kaliningrad,2025-11-14,8.654166666666667,11.8,5.3,6.3,10.9625
Kaliningrad,2025-11-15,3.6958333333333333,6.5,-0.4,0.2,7.620833333333334
Kaliningrad,2025-11-16,0.15416666666666667,2.0,-2.0,13.8,8.316666666666666
Kaliningrad,2025-11-17,2.8666666666666667,5.3,1.2,2.6,12.9
Kaliningrad,2025-11-18,2.408333333333333,5.3,1.2,4.2,16.3
Kaliningrad,2025-11-19,2.8249999999999997,4.3,-0.5,0.2,18.566666666666666
Kaliningrad,2025-11-20,0.8333333333333334,3.0,-1.3,4.7,15.383333333333333
Kaliningrad,2025-11-21,2.591666666666667,3.9,1.3,1.0,20.466666666666665
Kaliningrad,2025-11-22,0.8833333333333333,4.3,-2.1,0.0,9.958333333333334
Kaliningrad,2025-11-23,-3.1,-0.9,-4.7,0.0,7.0625
Kaliningrad,2025-11-24,-2.85,-0.8,-5.4,0.0,8.541666666666666
Kaliningrad,2025-11-25,-1.175,1.2,-2.8,0.0,9.754166666666666
Kaliningrad,2025-11-26,-0.2625,0.6,-0.5,10.3,17.729166666666668
Kaliningrad,2025-11-27,0.12083333333333335,2.1,-1.1,1.3,9.383333333333333
Kaliningrad,2025-11-28,0.5458333333333333,1.6,-0.7,0.0,17.495833333333334
Kaliningrad,2025-11-29,-0.47500000000000003,0.3,-1.7,1.3,11.795833333333334
Kaliningrad,2025-11-30,-0.6916666666666668,0.9,-2.9,0.0,11.570833333333333
Kaliningrad,2025-12-01,0.37499999999999994,2.4,-2.1,0.1,10.383333333333333
Kaliningrad,2025-12-02,-0.6791666666666667,1.5,-2.8,0.0,11.633333333333333
Kaliningrad,2025-12-03,1.9749999999999999,2.5,1.5,0.0,13.4
Kaliningrad,2025-12-04,2.4625,3.3,1.9,0.0,10.754166666666668
Kaliningrad,2025-12-05,4.325,7.0,0.8,0.0,13.3125
Kaliningrad,2025-12-06,6.199999999999999,7.2,4.5,6.8,14.383333333333333
Kaliningrad,2025-12-07,4.3625,5.4,3.7,1.8,12.470833333333333
Kaliningrad,2025-12-08,5.658333333333334,8.0,3.7,0.8,15.795833333333334
Kaliningrad,2025-12-09,8.108333333333333,9.3,6.6,3.5,15.85
Kaliningrad,2025-12-10,9.070833333333333,10.4,7.2,6.4,14.225
Kaliningrad,2025-12-11,8.508333333333333,9.4,7.7,6.199999999999999,22.337500000000002
Kaliningrad,2025-12-12,7.545833333333333,8.8,4.1,0.1,12.362499999999999
Kaliningrad,2025-12-13,4.4875,6.6,3.1,7.5,13.125
Kaliningrad,2025-12-14,6.183333333333334,6.9,5.7,0.0,19.075
Kaliningrad,2025-12-15,3.9291666666666667,5.8,2.4,0.0,16.099999999999998
Kaliningrad,2025-12-16,2.3291666666666666,4.3,-0.4,0.0,10.466666666666667
Kaliningrad,2025-12-17,0.35000000000000003,1.3,-1.3,0.0,8.195833333333333
Kaliningrad,2025-12-18,1.8708333333333333,5.2,-0.5,0.0,10.633333333333333
Kaliningrad,2025-12-19,4.5375000000000005,6.4,3.0,0.0,13.1875
Kaliningrad,2025-12-20,5.733333333333333,6.8,4.8,2.2,12.920833333333334
Kaliningrad,2025-12-21,5.295833333333333,7.2,3.3,0.0,11.233333333333334
Kaliningrad,2025-12-22,3.6999999999999997,5.9,1.2,0.0,3.5749999999999997
Kaliningrad,2025-12-23,-1.1208333333333333,1.9,-6.6,0.0,12.7125
Kaliningrad,2025-12-24,-6.108333333333333,-4.0,-7.8,0.0,6.9875
Kaliningrad,2025-12-25,-3.154166666666667,3.7,-6.6,0.0,12.683333333333332
Kaliningrad,2025-12-26,4.25,5.6,3.0,0.0,14.762500000000001
Kaliningrad,2025-12-27,4.816666666666666,6.0,3.9,0.0,24.75
Kaliningrad,2025-12-28,3.783333333333333,4.9,2.5,0.0,25.570833333333336
Kaliningrad,2025-12-29,1.8666666666666665,4.4,-1.1,2.0,18.454166666666666
Kaliningrad,2025-12-30,-1.0125,0.5,-1.8,5.1,22.754166666666666
Kaliningrad,2025-12-31,-5.858333333333333,-1.9,-10.3,1.7,8.516666666666667
Saint_Petersburg,2025-01-01,-0.9083333333333333,2.2,-2.8,8.3,15.25
Saint_Petersburg,2025-01-02,-4.879166666666666,-1.6,-6.7,1.1,11.762500000000001
Saint_Petersburg,2025-01-03,-5.116666666666666,-3.1,-8.7,3.2,9.895833333333334
Saint_Petersburg,2025-01-04,-7.866666666666666,-5.7,-11.7,1.7000000000000002,5.270833333333333
Saint_Petersburg,2025-01-05,-9.370833333333334,-3.8,-16.8,1.9,11.166666666666666
Saint_Petersburg,2025-01-06,-7.5874999999999995,-3.4,-13.7,0.0,10.266666666666667
Saint_Petersburg,2025-01-07,-3.625,1.2,-8.6,3.7,12.495833333333332
Saint_Petersburg,2025-01-08,-0.3875,0.8,-3.5,6.9,11.316666666666668
Saint_Petersburg,2025-01-09,-0.4041666666666666,1.0,-4.5,3.1999999999999997,10.316666666666666
Saint_Petersburg,2025-01-10,-1.0458333333333332,0.1,-2.8,3.6,15.033333333333333
Saint_Petersburg,2025-01-11,-0.16666666666666666,0.4,-1.8,6.9,17.579166666666666
Saint_Petersburg,2025-01-12,-5.45,-1.6,-13.0,8.6,17.045833333333334
Saint_Petersburg,2025-01-13,-7.133333333333333,-0.4,-14.1,0.8,12.158333333333333
Saint_Petersburg,2025-01-14,1.825,2.8,0.1,2.4,20.816666666666666
Saint_Petersburg,2025-01-15,-1.4416666666666667,1.8,-4.2,0.1,10.066666666666666
Saint_Petersburg,2025-01-16,2.4250000000000003,3.1,0.2,3.4000000000000004,24.141666666666666
Saint_Petersburg,2025-01-17,1.5875000000000001,2.3,0.7,0.2,16.316666666666666
Saint_Petersburg,2025-01-18,1.3041666666666667,3.2,-2.1,3.1,23.8
Saint_Petersburg,2025-01-19,0.3541666666666667,1.8,-2.4,0.0,19.241666666666667
Saint_Petersburg,2025-01-20,-5.308333333333334,0.8,-11.4,0.0,8.754166666666666
Saint_Petersburg,2025-01-21,-8.416666666666666,-6.1,-10.2,0.5,12.658333333333333
Saint_Petersburg,2025-01-22,-2.8708333333333336,1.2,-6.4,2.7,15.5625
Saint_Petersburg,2025-01-23,0.4916666666666667,1.0,-0.9,2.6,11.658333333333333
Saint_Petersburg,2025-01-24,0.8041666666666667,1.4,-0.4,0.8,13.320833333333333
Saint_Petersburg,2025-01-25,1.3625,1.9,0.5,0.9,17.712500000000002
Saint_Petersburg,2025-01-26,1.9958333333333333,2.8,1.2,1.1,13.0625
Saint_Petersburg,2025-01-27,0.4708333333333334,1.3,-0.1,7.3,5.708333333333333
Saint_Petersburg,2025-01-28,1.5041666666666667,2.2,-0.1,6.0,9.541666666666666
Saint_Petersburg,2025-01-29,2.9416666666666664,4.2,1.8,6.7,12.7125
Saint_Petersburg,2025-01-30,3.7624999999999997,5.4,2.8,3.1,16.9375
Saint_Petersburg,2025-01-31,3.4458333333333333,4.7,2.0,0.9,12.016666666666666
Saint_Petersburg,2025-02-01,-0.6791666666666667,2.0,-1.9,0.30000000000000004,13.570833333333333
Saint_Petersburg,2025-02-02,-0.6958333333333333,0.9,-3.0,4.5,15.045833333333334
Saint_Petersburg,2025-02-03,-6.7375,-2.7,-10.6,0.2,13.041666666666666
Saint_Petersburg,2025-02-04,-11.270833333333334,-10.4,-12.0,0.1,6.429166666666667
Saint_Petersburg,2025-02-05,-8.950000000000001,-3.6,-14.1,1.0,13.404166666666667
Saint_Petersburg,2025-02-06,-3.1166666666666667,-2.2,-3.9,2.4,8.016666666666667
Saint_Petersburg,2025-02-07,-4.829166666666667,-2.6,-9.8,0.0,5.0249999999999995
Saint_Petersburg,2025-02-08,-8.179166666666667,-4.4,-13.5,0.0,5.925
Saint_Petersburg,2025-02-09,-5.858333333333333,-4.5,-6.4,0.0,6.3999999999999995
Saint_Petersburg,2025-02-10,-4.745833333333334,-3.4,-6.5,0.0,5.2875000000000005
Saint_Petersburg,2025-02-11,-3.1833333333333336,-2.1,-4.0,0.0,10.504166666666666
Saint_Petersburg,2025-02-12,-3.0666666666666664,-1.3,-4.6,1.3,13.729166666666666
Saint_Petersburg,2025-02-13,-3.858333333333333,-2.0,-6.7,4.3,7.345833333333334
Saint_Petersburg,2025-02-14,-7.916666666666667,-7.0,-9.3,0.0,8.762500000000001
Saint_Petersburg,2025-02-15,-9.208333333333334,-7.3,-10.8,0.6000000000000001,6.654166666666666
Saint_Petersburg,2025-02-16,-10.125,-9.1,-11.2,0.0,8.670833333333333
Saint_Petersburg,2025-02-17,-10.8125,-7.1,-16.5,0.30000000000000004,5.375
Saint_Petersburg,2025-02-18,-6.741666666666667,-4.3,-10.1,2.7,12.504166666666668
Saint_Petersburg,2025-02-19,-8.5,-5.5,-13.4,0.0,8.995833333333334
Saint_Petersburg,2025-02-20,-7.891666666666667,-3.8,-13.6,0.0,9.191666666666666
Saint_Petersburg,2025-02-21,-2.783333333333333,-1.0,-5.7,0.2,16.4875
Saint_Petersburg,2025-02-22,-2.4583333333333335,-1.6,-3.4,0.0,11.4
Saint_Petersburg,2025-02-23,-2.7541666666666664,0.4,-6.4,0.0,10.429166666666667
Saint_Petersburg,2025-02-24,-3.045833333333333,1.4,-6.9,0.0,7.7875000000000005
Saint_Petersburg,2025-02-25,-2.3375,0.5,-6.0,0.0,8.1625
Saint_Petersburg,2025-02-26,-1.0666666666666667,1.7,-4.4,0.5,10.220833333333333
Saint_Petersburg,2025-02-27,0.3666666666666667,1.5,-1.2,0.0,7.4750000000000005
Saint_Petersburg,2025-02-28,-0.42500000000000004,0.9,-1.4,0.6000000000000001,5.8125
Saint_Petersburg,2025-03-01,-0.18333333333333335,0.6,-0.9,0.0,6.1125
Saint_Petersburg,2025-03-02,0.1875,1.2,-0.7,3.6,12.883333333333333
Saint_Petersburg,2025-03-03,0.8333333333333334,1.7,-0.3,5.8999999999999995,14.445833333333333
Saint_Petersburg,2025-03-04,0.5375,1.7,-2.4,1.9,18.466666666666665
Saint_Petersburg,2025-03-05,1.0416666666666667,2.8,-2.8,2.7,18.654166666666665
Saint_Petersburg,2025-03-06,3.7375000000000003,6.4,2.0,1.8,21.770833333333332
Saint_Petersburg,2025-03-07,1.225,3.4,-1.9,0.0,9.55
Saint_Petersburg,2025-03-08,3.483333333333333,6.4,0.7,0.1,17.883333333333333
Saint_Petersburg,2025-03-09,0.6749999999999999,3.6,-2.1,0.0,12.783333333333333
Saint_Petersburg,2025-03-10,2.2875,5.7,-1.1,0.2,9.799999999999999
Saint_Petersburg,2025-03-11,0.7083333333333334,5.7,-2.2,0.1,9.008333333333333
Saint_Petersburg,2025-03-12,-2.6625,-1.9,-3.3,2.6,11.575000000000001
Saint_Petersburg,2025-03-13,-0.016666666666666635,2.7,-2.9,7.5,7.5
Saint_Petersburg,2025-03-14,-2.025,0.4,-3.9,4.5,14.783333333333333
Saint_Petersburg,2025-03-15,-0.7833333333333333,3.3,-5.3,0.0,19.583333333333332
Saint_Petersburg,2025-03-16,-1.9875,0.7,-7.9,3.7,15.1625
Saint_Petersburg,2025-03-17,-4.883333333333334,-1.3,-9.2,0.0,12.891666666666666
Saint_Petersburg,2025-03-18,-1.0875000000000001,2.0,-6.9,0.3,7.516666666666667
Saint_Petersburg,2025-03-19,2.4625,5.3,-1.4,0.2,20.216666666666665
Saint_Petersburg,2025-03-20,1.0958333333333334,4.3,-1.7,2.6,9.1875
Saint_Petersburg,2025-03-21,0.5708333333333333,4.1,-3.0,0.0,9.191666666666666
Saint_Petersburg,2025-03-22,0.02083333333333338,5.2,-4.7,0.0,4.7124999999999995
Saint_Petersburg,2025-03-23,1.5833333333333333,7.9,-3.8,0.0,5.041666666666667
Saint_Petersburg,2025-03-24,2.475,7.5,-2.1,5.0,13.529166666666667
Saint_Petersburg,2025-03-25,4.1625000000000005,8.2,1.2,4.8,15.825000000000001
Saint_Petersburg,2025-03-26,2.7375000000000003,6.7,-1.7,1.0,6.458333333333333
Saint_Petersburg,2025-03-27,2.954166666666667,7.2,-1.5,0.0,6.3
Saint_Petersburg,2025-03-28,5.854166666666667,8.8,2.0,0.0,15.200000000000001
Saint_Petersburg,2025-03-29,8.845833333333333,14.3,4.0,0.0,12.883333333333333
Saint_Petersburg,2025-03-30,9.679166666666667,15.1,4.7,0.0,10.545833333333333
Saint_Petersburg,2025-03-31,9.625,13.3,6.2,0.0,6.7625
Saint_Petersburg,2025-04-01,7.116666666666667,12.0,2.0,0.0,8.829166666666667
Saint_Petersburg,2025-04-02,5.254166666666666,8.7,1.2,0.0,11.866666666666667
Saint_Petersburg,2025-04-03,7.304166666666667,10.5,2.6,0.0,12.458333333333334
Saint_Petersburg,2025-04-04,4.020833333333333,6.5,-0.4,0.1,17.504166666666666
Saint_Petersburg,2025-04-05,-0.8083333333333332,1.1,-2.8,0.30000000000000004,15.420833333333334
Saint_Petersburg,2025-04-06,-0.9291666666666667,2.9,-3.9,0.0,9.091666666666667
Saint_Petersburg,2025-04-07,1.1208333333333333,5.7,-3.1,0.0,8.691666666666666
Saint_Petersburg,2025-04-08,-0.3125,3.1,-3.3,0.0,11.633333333333333
Saint_Petersburg,2025-04-09,0.1583333333333333,3.5,-3.1,2.9,14.204166666666666
Saint_Petersburg,2025-04-10,-1.5125,1.3,-3.4,0.30000000000000004,13.833333333333334
Saint_Petersburg,2025-04-11,-1.6125,2.1,-6.7,4.0,14.762500000000001
Saint_Petersburg,2025-04-12,-0.8541666666666666,2.0,-7.0,1.7000000000000002,12.329166666666666
Saint_Petersburg,2025-04-13,4.7,9.2,-0.1,0.0,10.299999999999999
Saint_Petersburg,2025-04-14,9.7125,17.4,2.3,0.0,13.591666666666667
Saint_Petersburg,2025-04-15,7.825,11.3,3.0,0.0,10.295833333333333
Saint_Petersburg,2025-04-16,12.595833333333333,20.7,3.0,0.0,10.716666666666667
Saint_Petersburg,2025-04-17,11.741666666666667,13.9,9.8,0.0,5.7749999999999995
Saint_Petersburg,2025-04-18,14.370833333333332,19.3,8.5,0.0,3.7583333333333333
Saint_Petersburg,2025-04-19,15.058333333333332,24.4,7.6,3.1,7.55
Saint_Petersburg,2025-04-20,7.908333333333334,11.3,4.9,6.7,10.3125
Saint_Petersburg,2025-04-21,6.970833333333334,11.8,4.3,6.3999999999999995,10.095833333333333
Saint_Petersburg,2025-04-22,7.908333333333334,11.6,3.5,0.4,11.645833333333334
Saint_Petersburg,2025-04-23,7.191666666666666,9.6,5.6,8.2,12.191666666666668
Saint_Petersburg,2025-04-24,4.533333333333333,8.0,0.8,0.0,8.137500000000001
Saint_Petersburg,2025-04-25,2.408333333333333,5.4,-0.2,1.2,10.445833333333333
Saint_Petersburg,2025-04-26,2.033333333333333,6.3,-1.6,1.6,12.445833333333333
Saint_Petersburg,2025-04-27,2.2958333333333334,6.0,-2.8,0.0,11.308333333333332
Saint_Petersburg,2025-04-28,6.958333333333333,10.3,2.6,1.6,13.745833333333332
Saint_Petersburg,2025-04-29,6.858333333333333,9.9,3.5,5.5,13.020833333333334
Saint_Petersburg,2025-04-30,3.0583333333333336,6.9,-0.9,0.0,8.095833333333333
Saint_Petersburg,2025-05-01,3.8708333333333336,8.5,-1.6,0.0,6.95
Saint_Petersburg,2025-05-02,8.420833333333333,14.0,0.1,1.5,13.887500000000001
Saint_Petersburg,2025-05-03,8.233333333333333,10.5,5.4,3.4000000000000004,20.754166666666666
Saint_Petersburg,2025-05-04,6.8125,9.9,3.1,0.0,12.729166666666666
Saint_Petersburg,2025-05-05,3.6833333333333336,5.0,1.0,0.0,16.729166666666668
Saint_Petersburg,2025-05-06,4.8125,8.3,2.5,5.1,9.8125
Saint_Petersburg,2025-05-07,3.704166666666667,6.6,1.5,2.8000000000000003,16.683333333333334
Saint_Petersburg,2025-05-08,5.095833333333333,8.8,1.4,1.3,14.816666666666668
Saint_Petersburg,2025-05-09,6.1499999999999995,10.0,2.0,0.0,11.525
Saint_Petersburg,2025-05-10,5.866666666666667,8.7,2.1,0.0,13.475000000000001
Saint_Petersburg,2025-05-11,5.875,10.5,1.0,0.30000000000000004,15.566666666666668
Saint_Petersburg,2025-05-12,8.441666666666666,13.7,3.2,0.0,10.4375
Saint_Petersburg,2025-05-13,10.020833333333334,15.1,4.4,0.2,6.020833333333333
Saint_Petersburg,2025-05-14,7.575,11.0,3.5,1.1,6.945833333333333
Saint_Petersburg,2025-05-15,10.366666666666667,15.0,3.9,0.5,9.441666666666666
Saint_Petersburg,2025-05-16,12.825000000000001,17.9,7.0,4.6,15.216666666666667
Saint_Petersburg,2025-05-17,10.3375,14.4,7.0,0.30000000000000004,8.029166666666667
Saint_Petersburg,2025-05-18,13.445833333333333,18.4,7.8,0.0,15.783333333333333
Saint_Petersburg,2025-05-19,11.612499999999999,16.6,7.0,0.0,11.441666666666668
Saint_Petersburg,2025-05-20,11.887500000000001,16.7,5.9,0.0,9.945833333333333
Saint_Petersburg,2025-05-21,10.0375,13.1,6.5,0.0,12.541666666666666
Saint_Petersburg,2025-05-22,13.283333333333333,18.1,7.8,1.4000000000000001,11.191666666666668
Saint_Petersburg,2025-05-23,15.220833333333333,22.8,9.9,6.4,12.054166666666667
Saint_Petersburg,2025-05-24,13.583333333333334,19.1,9.5,1.1,8.166666666666666
Saint_Petersburg,2025-05-25,12.9625,17.6,10.3,2.5,9.541666666666666
Saint_Petersburg,2025-05-26,11.862499999999999,15.0,9.4,30.4,9.491666666666667
Saint_Petersburg,2025-05-27,14.695833333333333,17.7,11.2,0.7,8.595833333333333
Saint_Petersburg,2025-05-28,16.0375,19.6,11.4,2.4,5.9125000000000005
Saint_Petersburg,2025-05-29,18.754166666666666,23.7,14.2,4.3,9.9625
Saint_Petersburg,2025-05-30,14.854166666666666,19.6,11.1,10.4,6.8
Saint_Petersburg,2025-05-31,13.5875,16.3,10.7,2.0,14.5375
Saint_Petersburg,2025-06-01,12.570833333333333,15.0,10.0,0.0,17.354166666666668
Saint_Petersburg,2025-06-02,14.554166666666667,19.6,8.3,2.0,10.041666666666666
Saint_Petersburg,2025-06-03,13.799999999999999,17.1,10.8,0.2,14.35
Saint_Petersburg,2025-06-04,13.825000000000001,17.2,10.3,0.0,11.808333333333332
Saint_Petersburg,2025-06-05,16.75,22.7,10.3,5.3999999999999995,10.441666666666666
Saint_Petersburg,2025-06-06,15.262500000000001,17.7,12.4,0.6,7.6875
Saint_Petersburg,2025-06-07,16.0625,18.3,12.3,4.8,11.383333333333333
Saint_Petersburg,2025-06-08,14.570833333333333,16.1,11.7,15.9,10.916666666666666
Saint_Petersburg,2025-06-09,12.258333333333333,14.8,10.9,27.7,9.487499999999999
Saint_Petersburg,2025-06-10,14.004166666666668,16.6,10.7,0.6000000000000001,13.950000000000001
Saint_Petersburg,2025-06-11,13.729166666666666,16.8,10.2,1.0,7.516666666666667
Saint_Petersburg,2025-06-12,15.35,18.7,10.4,1.6,10.333333333333334
Saint_Petersburg,2025-06-13,15.4375,19.4,12.3,2.3,15.875
Saint_Petersburg,2025-06-14,15.754166666666668,20.7,10.6,0.0,9.541666666666666
Saint_Petersburg,2025-06-15,16.395833333333332,19.8,11.1,0.0,12.066666666666665
Saint_Petersburg,2025-06-16,18.679166666666667,22.3,14.4,1.6,7.104166666666667
Saint_Petersburg,2025-06-17,15.404166666666667,17.2,14.1,4.2,6.05
Saint_Petersburg,2025-06-18,16.208333333333332,19.7,13.9,0.7999999999999999,9.5125
Saint_Petersburg,2025-06-19,14.5625,16.0,13.2,4.9,13.137500000000001
Saint_Petersburg,2025-06-20,13.5,16.8,10.9,2.1,15.525
Saint_Petersburg,2025-06-21,13.283333333333333,16.2,11.0,10.3,8.604166666666666
Saint_Petersburg,2025-06-22,13.216666666666667,16.4,8.8,2.5,12.137500000000001
Saint_Petersburg,2025-06-23,15.320833333333333,19.8,8.5,0.1,9.554166666666667
Saint_Petersburg,2025-06-24,13.920833333333334,15.3,11.5,15.1,16.325
Saint_Petersburg,2025-06-25,13.8125,16.4,11.0,4.6000000000000005,12.333333333333334
Saint_Petersburg,2025-06-26,13.683333333333332,15.3,11.3,0.9,12.458333333333334
Saint_Petersburg,2025-06-27,15.775,20.3,8.5,0.0,7.233333333333333
Saint_Petersburg,2025-06-28,15.6875,19.8,13.2,0.4,7.283333333333334
Saint_Petersburg,2025-06-29,14.262500000000001,16.6,12.4,15.1,15.104166666666666
Saint_Petersburg,2025-06-30,14.666666666666666,17.8,12.4,2.1,17.516666666666666
Saint_Petersburg,2025-07-01,16.287499999999998,20.0,12.4,0.0,13.616666666666667
Saint_Petersburg,2025-07-02,17.575,21.6,11.8,0.0,9.179166666666667
Saint_Petersburg,2025-07-03,21.229166666666668,26.6,14.8,2.1,13.233333333333334
Saint_Petersburg,2025-07-04,14.945833333333333,16.4,13.3,2.4000000000000004,29.866666666666664
Saint_Petersburg,2025-07-05,14.716666666666667,17.8,12.4,2.9000000000000004,12.083333333333334
Saint_Petersburg,2025-07-06,15.245833333333332,17.7,12.5,11.9,11.033333333333333
Saint_Petersburg,2025-07-07,19.033333333333335,22.4,14.6,0.7000000000000001,10.15
Saint_Petersburg,2025-07-08,17.4875,21.8,13.5,8.8,19.875
Saint_Petersburg,2025-07-09,16.275000000000002,20.5,13.3,10.0,8.9375
Saint_Petersburg,2025-07-10,15.604166666666666,17.8,13.5,5.0,19.620833333333334
Saint_Petersburg,2025-07-11,20.787499999999998,25.2,14.2,0.0,16.029166666666665
Saint_Petersburg,2025-07-12,23.129166666666666,29.9,18.3,9.4,7.5249999999999995
Saint_Petersburg,2025-07-13,23.34166666666667,29.2,17.4,8.3,7.733333333333333
Saint_Petersburg,2025-07-14,23.791666666666668,28.7,17.9,0.5,8.0
Saint_Petersburg,2025-07-15,22.829166666666666,26.1,18.9,0.2,10.6875
Saint_Petersburg,2025-07-16,22.6875,27.1,18.1,0.30000000000000004,9.108333333333333
Saint_Petersburg,2025-07-17,22.579166666666666,28.0,16.5,0.0,9.924999999999999
Saint_Petersburg,2025-07-18,21.90416666666667,26.4,15.9,0.0,10.825000000000001
Saint_Petersburg,2025-07-19,22.3625,27.4,15.3,0.0,8.012500000000001
Saint_Petersburg,2025-07-20,23.212500000000002,27.7,17.4,0.0,11.979166666666666
Saint_Petersburg,2025-07-21,22.358333333333334,27.0,19.5,4.6000000000000005,12.825000000000001
Saint_Petersburg,2025-07-22,22.829166666666666,26.6,18.6,0.2,10.679166666666667
Saint_Petersburg,2025-07-23,23.462500000000002,27.9,17.8,0.8999999999999999,7.716666666666666
Saint_Petersburg,2025-07-24,25.6375,31.6,16.9,0.0,4.2
Saint_Petersburg,2025-07-25,26.454166666666666,31.7,19.8,0.0,4.6375
Saint_Petersburg,2025-07-26,25.700000000000003,29.7,19.5,0.0,5.4375
Saint_Petersburg,2025-07-27,25.125,29.2,20.1,0.1,7.6000000000000005
Saint_Petersburg,2025-07-28,24.608333333333334,29.0,19.1,0.9,11.270833333333334
Saint_Petersburg,2025-07-29,26.108333333333334,30.8,21.2,0.0,12.4375
Saint_Petersburg,2025-07-30,27.05,32.1,20.8,0.1,9.666666666666666
Saint_Petersburg,2025-07-31,22.891666666666666,29.0,20.6,17.5,7.604166666666667
Saint_Petersburg,2025-08-01,22.2625,27.4,18.0,9.5,9.225
Saint_Petersburg,2025-08-02,19.587500000000002,22.3,17.3,7.0,8.745833333333334
Saint_Petersburg,2025-08-03,21.204166666666666,25.9,15.2,0.0,4.2875000000000005
Saint_Petersburg,2025-08-04,22.554166666666664,27.5,16.7,0.0,6.191666666666666
Saint_Petersburg,2025-08-05,20.616666666666667,25.7,16.9,2.2,6.795833333333333
Saint_Petersburg,2025-08-06,18.3875,21.2,16.2,1.4000000000000001,11.229166666666666
Saint_Petersburg,2025-08-07,17.041666666666668,19.6,14.0,1.7,13.408333333333333
Saint_Petersburg,2025-08-08,17.179166666666667,20.5,14.0,0.8,7.645833333333333
Saint_Petersburg,2025-08-09,17.400000000000002,20.6,13.2,0.5,10.129166666666666
Saint_Petersburg,2025-08-10,17.745833333333334,21.0,14.2,0.0,8.9125
Saint_Petersburg,2025-08-11,17.854166666666668,21.1,14.2,0.5,10.058333333333334
Saint_Petersburg,2025-08-12,17.1125,20.0,13.5,0.9,10.5375
Saint_Petersburg,2025-08-13,16.9375,20.0,12.3,0.0,9.0625
Saint_Petersburg,2025-08-14,17.575,22.3,12.0,0.0,10.125
Saint_Petersburg,2025-08-15,19.466666666666665,24.1,13.4,0.0,9.820833333333333
Saint_Petersburg,2025-08-16,15.820833333333333,17.9,12.2,18.0,18.029166666666665
Saint_Petersburg,2025-08-17,14.470833333333333,18.1,10.5,0.2,6.891666666666667
Saint_Petersburg,2025-08-18,16.229166666666668,20.5,12.3,1.2000000000000002,10.658333333333333
Saint_Petersburg,2025-08-19,16.104166666666668,18.9,12.4,2.3,14.254166666666668
Saint_Petersburg,2025-08-20,12.670833333333334,16.0,9.1,1.8,9.291666666666666
Saint_Petersburg,2025-08-21,11.783333333333333,15.4,6.1,0.2,6.154166666666666
Saint_Petersburg,2025-08-22,12.583333333333334,17.8,8.4,5.6,8.654166666666667
Saint_Petersburg,2025-08-23,12.495833333333332,15.7,9.4,0.9,8.341666666666667
Saint_Petersburg,2025-08-24,11.275,14.4,8.4,6.0,6.3875
Saint_Petersburg,2025-08-25,11.054166666666667,15.2,7.0,5.2,3.908333333333333
Saint_Petersburg,2025-08-26,11.958333333333334,15.0,8.8,1.5,6.666666666666667
Saint_Petersburg,2025-08-27,12.504166666666668,15.0,10.2,7.7,14.416666666666666
Saint_Petersburg,2025-08-28,13.333333333333334,16.1,9.8,0.4,12.408333333333333
Saint_Petersburg,2025-08-29,12.866666666666667,16.5,8.1,6.6,10.262500000000001
Saint_Petersburg,2025-08-30,16.820833333333333,21.5,13.5,6.6,7.1499999999999995
Saint_Petersburg,2025-08-31,16.337500000000002,18.6,14.9,1.2000000000000002,8.5625
Saint_Petersburg,2025-09-01,15.195833333333333,18.5,12.1,0.8,7.779166666666666
Saint_Petersburg,2025-09-02,13.9625,18.8,8.6,0.0,5.916666666666667
Saint_Petersburg,2025-09-03,15.012500000000001,20.3,8.4,0.0,8.891666666666667
Saint_Petersburg,2025-09-04,16.691666666666666,21.5,12.7,0.4,7.629166666666666
Saint_Petersburg,2025-09-05,18.570833333333333,22.4,14.8,0.4,5.720833333333334
Saint_Petersburg,2025-09-06,19.170833333333334,23.7,15.5,0.0,8.304166666666667
Saint_Petersburg,2025-09-07,17.954166666666666,23.3,13.5,0.0,7.0375000000000005
Saint_Petersburg,2025-09-08,17.045833333333334,22.6,11.8,0.0,4.829166666666667
Saint_Petersburg,2025-09-09,16.904166666666665,22.6,11.4,0.0,4.8875
Saint_Petersburg,2025-09-10,17.770833333333332,23.2,12.7,0.0,6.6875
Saint_Petersburg,2025-09-11,16.816666666666666,21.5,12.5,0.0,12.15
Saint_Petersburg,2025-09-12,16.3,20.3,12.2,0.0,14.6875
Saint_Petersburg,2025-09-13,15.441666666666668,17.6,13.5,0.0,11.6
Saint_Petersburg,2025-09-14,16.516666666666666,20.3,12.0,0.0,13.387500000000001
Saint_Petersburg,2025-09-15,15.166666666666666,18.5,12.6,0.4,15.512500000000001
Saint_Petersburg,2025-09-16,14.825000000000001,18.3,13.0,1.9,14.683333333333332
Saint_Petersburg,2025-09-17,14.795833333333334,18.1,12.1,0.3,15.670833333333334
Saint_Petersburg,2025-09-18,13.491666666666667,16.8,11.1,0.8,11.979166666666666
Saint_Petersburg,2025-09-19,12.512500000000001,15.8,10.5,10.6,8.575000000000001
Saint_Petersburg,2025-09-20,13.583333333333334,16.0,9.2,11.5,16.816666666666666
Saint_Petersburg,2025-09-21,17.658333333333335,20.3,14.8,1.1,14.320833333333333
Saint_Petersburg,2025-09-22,15.3125,19.5,11.0,0.8,24.416666666666668
Saint_Petersburg,2025-09-23,9.616666666666667,11.9,6.9,4.3,17.025000000000002
Saint_Petersburg,2025-09-24,8.145833333333334,10.4,5.2,0.0,16.216666666666665
Saint_Petersburg,2025-09-25,8.466666666666667,11.8,3.6,0.0,11.016666666666666
Saint_Petersburg,2025-09-26,10.0625,12.9,6.2,0.0,10.758333333333333
Saint_Petersburg,2025-09-27,10.745833333333332,15.3,8.3,0.0,9.133333333333333
Saint_Petersburg,2025-09-28,8.5875,11.7,4.4,0.0,8.395833333333334
Saint_Petersburg,2025-09-29,4.8500000000000005,9.0,0.9,0.0,4.733333333333333
Saint_Petersburg,2025-09-30,3.9875000000000003,9.1,-0.4,0.0,4.141666666666667
Saint_Petersburg,2025-10-01,4.216666666666667,10.2,-0.5,0.0,3.2708333333333335
Saint_Petersburg,2025-10-02,5.283333333333333,9.5,1.1,0.0,5.233333333333333
Saint_Petersburg,2025-10-03,4.420833333333333,8.9,0.5,0.0,5.979166666666667
Saint_Petersburg,2025-10-04,5.554166666666667,8.7,3.0,0.0,10.308333333333334
Saint_Petersburg,2025-10-05,9.016666666666667,10.8,6.3,0.0,11.5
Saint_Petersburg,2025-10-06,9.904166666666667,12.7,7.0,0.2,6.329166666666667
Saint_Petersburg,2025-10-07,9.854166666666666,14.3,5.4,0.2,4.670833333333333
Saint_Petersburg,2025-10-08,9.9,14.7,6.5,0.0,10.795833333333334
Saint_Petersburg,2025-10-09,10.079166666666667,13.9,6.0,0.0,11.737499999999999
Saint_Petersburg,2025-10-10,9.741666666666667,12.2,7.7,0.4,7.808333333333334
Saint_Petersburg,2025-10-11,8.15,10.7,6.4,2.8,18.779166666666665
Saint_Petersburg,2025-10-12,6.441666666666666,8.8,4.5,1.4000000000000001,12.208333333333334
Saint_Petersburg,2025-10-13,5.3374999999999995,7.8,3.5,1.3,9.1625
Saint_Petersburg,2025-10-14,5.6125,7.4,4.1,2.3,12.570833333333333
Saint_Petersburg,2025-10-15,6.133333333333333,7.4,5.1,0.9,10.35
Saint_Petersburg,2025-10-16,7.408333333333332,10.7,1.8,4.6,13.970833333333333
Saint_Petersburg,2025-10-17,1.9416666666666667,6.7,-1.1,0.0,4.0625
Saint_Petersburg,2025-10-18,0.775,5.8,-2.1,0.0,2.3958333333333335
Saint_Petersburg,2025-10-19,1.5666666666666667,6.7,-3.0,0.0,6.320833333333333
Saint_Petersburg,2025-10-20,4.591666666666667,7.5,1.1,0.6000000000000001,9.0875
Saint_Petersburg,2025-10-21,4.395833333333333,8.5,1.4,0.0,8.575000000000001
Saint_Petersburg,2025-10-22,3.4791666666666665,5.7,0.3,0.0,13.195833333333333
Saint_Petersburg,2025-10-23,5.141666666666667,7.2,2.8,2.5,13.4625
Saint_Petersburg,2025-10-24,6.245833333333334,8.4,4.3,1.7,10.825000000000001
Saint_Petersburg,2025-10-25,10.262500000000001,11.9,8.3,0.0,12.991666666666667
Saint_Petersburg,2025-10-26,8.570833333333333,10.5,6.5,5.8,17.308333333333334
Saint_Petersburg,2025-10-27,7.133333333333333,9.0,6.0,8.700000000000001,16.0125
Saint_Petersburg,2025-10-28,5.7625,7.8,3.9,0.1,9.637500000000001
Saint_Petersburg,2025-10-29,5.516666666666667,8.0,3.8,0.7,8.166666666666666
Saint_Petersburg,2025-10-30,6.1375,7.8,5.2,0.2,10.170833333333333
Saint_Petersburg,2025-10-31,6.0874999999999995,7.3,5.4,4.6000000000000005,12.770833333333334
Saint_Petersburg,2025-11-01,5.7625,7.2,4.5,1.7000000000000002,5.841666666666666
Saint_Petersburg,2025-11-02,6.0125,7.6,4.1,3.0,12.4125
Saint_Petersburg,2025-11-03,7.3625,8.1,6.8,3.6,7.754166666666666
Saint_Petersburg,2025-11-04,7.3875,8.5,6.6,1.9,13.229166666666666
Saint_Petersburg,2025-11-05,10.549999999999999,11.6,8.8,8.3,21.129166666666666
Saint_Petersburg,2025-11-06,9.887500000000001,10.8,8.9,0.39999999999999997,16.0125
Saint_Petersburg,2025-11-07,9.2125,9.7,8.6,9.6,8.541666666666666
Saint_Petersburg,2025-11-08,6.829166666666667,8.5,5.5,5.2,7.495833333333334
Saint_Petersburg,2025-11-09,6.929166666666667,8.4,5.9,1.4000000000000001,12.304166666666667
Saint_Petersburg,2025-11-10,3.25,6.1,1.9,1.5,6.008333333333333
Saint_Petersburg,2025-11-11,3.641666666666667,6.1,1.8,1.0,6.166666666666667
Saint_Petersburg,2025-11-12,4.945833333333334,6.1,2.5,0.0,12.579166666666666
Saint_Petersburg,2025-11-13,6.120833333333334,7.8,3.8,17.1,23.691666666666666
Saint_Petersburg,2025-11-14,1.8833333333333335,5.0,-0.1,3.1999999999999997,15.466666666666667
Saint_Petersburg,2025-11-15,-1.0250000000000001,1.4,-3.6,0.5,14.825000000000001
Saint_Petersburg,2025-11-16,1.5708333333333335,2.2,0.4,2.5,22.829166666666666
Saint_Petersburg,2025-11-17,-1.1458333333333333,-0.2,-2.4,0.0,7.7250000000000005
Saint_Petersburg,2025-11-18,-1.75,-0.6,-3.5,4.3,7.066666666666666
Saint_Petersburg,2025-11-19,-2.0541666666666667,-1.3,-3.0,0.4,8.25
Saint_Petersburg,2025-11-20,0.2791666666666667,1.6,-1.3,1.3,12.429166666666667
Saint_Petersburg,2025-11-21,0.2833333333333333,1.5,-0.8,1.1,11.958333333333334
Saint_Petersburg,2025-11-22,-0.8624999999999999,1.3,-3.8,0.2,11.683333333333332
Saint_Petersburg,2025-11-23,1.4000000000000001,3.0,-1.1,0.6000000000000001,15.895833333333334
Saint_Petersburg,2025-11-24,-0.3666666666666667,1.1,-1.0,5.0,8.0875
Saint_Petersburg,2025-11-25,-0.43333333333333335,0.7,-4.3,0.4,14.091666666666667
Saint_Petersburg,2025-11-26,-4.554166666666666,-1.5,-8.3,0.30000000000000004,3.7291666666666665
Saint_Petersburg,2025-11-27,-4.316666666666666,-2.7,-7.7,0.0,6.058333333333334
Saint_Petersburg,2025-11-28,0.8583333333333334,2.6,-2.9,3.5,18.537499999999998
Saint_Petersburg,2025-11-29,1.7291666666666667,2.1,1.2,3.1,17.691666666666666
Saint_Petersburg,2025-11-30,2.154166666666667,3.2,1.2,0.0,12.995833333333332
Saint_Petersburg,2025-12-01,2.6999999999999997,3.7,1.0,0.30000000000000004,14.529166666666667
Saint_Petersburg,2025-12-02,2.658333333333333,3.7,0.8,0.2,12.012500000000001
Saint_Petersburg,2025-12-03,0.8624999999999999,1.5,0.2,0.0,12.416666666666666
Saint_Petersburg,2025-12-04,0.6333333333333333,1.2,-0.1,0.2,7.125
Saint_Petersburg,2025-12-05,1.4083333333333332,2.1,0.9,0.4,4.983333333333333
Saint_Petersburg,2025-12-06,2.2624999999999997,2.7,1.5,3.8000000000000003,8.604166666666666
Saint_Petersburg,2025-12-07,1.1583333333333334,2.3,0.5,2.0,9.666666666666666
Saint_Petersburg,2025-12-08,0.42083333333333334,0.9,0.1,2.9,12.808333333333332
Saint_Petersburg,2025-12-09,3.1374999999999997,4.2,0.8,2.8,16.066666666666666
Saint_Petersburg,2025-12-10,3.0875,6.3,2.3,3.2,14.520833333333334
Saint_Petersburg,2025-12-11,4.370833333333334,7.0,0.7,2.0,18.820833333333333
Saint_Petersburg,2025-12-12,-3.5749999999999997,0.3,-6.5,0.8,14.179166666666667
Saint_Petersburg,2025-12-13,-7.041666666666667,-6.0,-8.0,0.0,8.695833333333333
Saint_Petersburg,2025-12-14,-7.5125,-5.3,-9.2,1.0,8.424999999999999
Saint_Petersburg,2025-12-15,-2.058333333333333,2.8,-5.3,4.2,11.091666666666667
Saint_Petersburg,2025-12-16,4.3625,4.9,3.0,3.6,18.229166666666668
Saint_Petersburg,2025-12-17,3.1333333333333333,4.2,2.0,1.6,16.645833333333332
Saint_Petersburg,2025-12-18,2.566666666666667,3.7,1.2,0.6000000000000001,16.633333333333333
Saint_Petersburg,2025-12-19,2.670833333333333,3.3,1.7,0.1,14.012500000000001
Saint_Petersburg,2025-12-20,4.016666666666667,5.3,3.2,2.5,16.858333333333334
Saint_Petersburg,2025-12-21,2.9458333333333333,4.9,1.1,1.4000000000000001,14.645833333333334
Saint_Petersburg,2025-12-22,-2.9125,0.3,-5.3,0.8,13.291666666666666
Saint_Petersburg,2025-12-23,-4.95,-3.5,-7.4,1.6,9.9125
Saint_Petersburg,2025-12-24,-1.4333333333333333,0.6,-3.4,0.5,14.4125
Saint_Petersburg,2025-12-25,2.6166666666666667,4.0,-0.7,1.5,24.09583333333333
Saint_Petersburg,2025-12-26,0.5833333333333334,1.8,-0.4,0.0,14.637500000000001
Saint_Petersburg,2025-12-27,-0.15833333333333333,1.7,-1.8,1.7,14.029166666666667
Saint_Petersburg,2025-12-28,-2.2875,1.2,-7.7,4.0,14.65
Saint_Petersburg,2025-12-29,-3.9875000000000003,-0.4,-8.4,1.9,7.695833333333333
Saint_Petersburg,2025-12-30,-4.054166666666666,-2.8,-7.8,6.5,13.8125
Saint_Petersburg,2025-12-31,-9.983333333333333,-5.4,-12.7,0.30000000000000004,13.120833333333332
